tour,td_name,player_id,full_name
atp,Added D.,200385,Dan Added
atp,Agamenone F.,106162,Franco Agamenone
atp,Ajdukovic D.,207213,Duje Ajdukovic
atp,Albot R.,105430,Radu Albot
atp,Alcaraz C.,207989,Carlos Alcaraz
atp,Altmaier D.,127157,Daniel Altmaier
atp,Alvarez Valdes L.C.,211468,Luis Carlos Alvarez Valdes
atp,Alvarez Varona N.,200374,Nicolas Alvarez Varona
atp,Alves M.,127123,Mateus Alves
atp,Anderson K.,104731,Kevin Anderson
atp,Andreev A.,202090,Adrian Andreev
atp,Andreozzi G.,105819,Guido Andreozzi
atp,Andujar P.,104665,Pablo Andujar
atp,Aragone J.C.,111574,Jc Aragone
atp,Arnaboldi A.,105063,Andrea Arnaboldi
atp,Arnaldi M.,208286,Matteo Arnaldi
atp,Arseneault N.,212531,Nicolas Arseneault
atp,Atmane T.,209279,Terence Atmane
atp,Auger-Aliassime F.,200000,Felix Auger Aliassime
atp,Baadi T.,207220,Taha Baadi
atp,Bachinger M.,104897,Matthias Bachinger
atp,Baez S.,202104,Sebastian Baez
atp,Bagnis F.,105487,Facundo Bagnis
atp,Bailly G.,211451,Gilles Arnaud Bailly
atp,Bailly G.A.,211451,Gilles Arnaud Bailly
atp,Balazs A.,105226,Attila Balazs
atp,Balshaw F.,213149,Felix Balshaw
atp,Barranco Cosano J.,200266,Javier Barranco Cosano
atp,Barrena A.,209875,Alex Barrena
atp,Barrere G.,106296,Gregoire Barrere
atp,Barrientos N.,104905,Nicolas Barrientos
atp,Barrios M.,144642,Tomas Barrios Vera
atp,Basavareddy N.,210460,Nishesh Basavareddy
atp,Basic M.,105806,Mirza Basic
atp,Basilashvili N.,105932,Nikoloz Basilashvili
atp,Basing M.,209407,Max Basing
atp,Bautista Agut R.,105138,Roberto Bautista Agut
atp,Becroft I.,208653,Isaac Becroft
atp,Bedene A.,105379,Aljaz Bedene
atp,Bellier A.,134472,Antoine Bellier
atp,Bellucci M.,208233,Mattia Bellucci
atp,Bellucci T.,105064,Thomaz Bellucci
atp,Benchetrit E.,200611,Elliot Benchetrit
atp,Bennani K.,211558,Karim Bennani
atp,Bennani R.,210730,Reda Bennani
atp,Berankis R.,105575,Ricardas Berankis
atp,Bergs Z.,200267,Zizou Bergs
atp,Bernet H.,148679,Henry Bernet
atp,Berrettini J.,202235,Jacopo Berrettini
atp,Berrettini M.,126610,Matteo Berrettini
atp,Bertola R.,200329,Remy Bertola
atp,Bhambri Y.,106026,Yuki Bhambri
atp,Blancaneaux G.,144972,Geoffrey Blancaneaux
atp,Blanch Dar.,210464,Darwin Blanch
atp,Blanchet U.,200259,Ugo Blanchet
atp,Blockx A.,210696,Alexander Blockx
atp,Blumberg W.,144652,William Blumberg
atp,Boitan G.A.,206589,Gabi Adrian Boitan
atp,Bolt A.,106109,Alex Bolt
atp,Bonadio R.,109686,Riccardo Bonadio
atp,Bonzi B.,126127,Benjamin Bonzi
atp,Boogaard T.,212275,Thijs Boogaard
atp,Borg L.,209863,Leo Borg
atp,Borges N.,132686,Nuno Borges
atp,Bourchier H.,117358,Harry Bourchier
atp,Bourgue M.,106288,Mathias Bourgue
atp,Boyer T.,207729,Tristan Boyer
atp,Brancaccio R.,134840,Raul Brancaccio
atp,Broady L.,106281,Liam Broady
atp,Brooksby J.,202385,Jenson Brooksby
atp,Broom C.,200277,Charles Broom
atp,Brouwer G.,133835,Gijs Brouwer
atp,Brown D.,104460,Dustin Brown
atp,Bryde T.,200336,Trent Bryde
atp,Bu Y.,207352,Bu Yunchaokete
atp,Bublik A.,122330,Alexander Bublik
atp,Budkov Kjaer N.,149282,Nicolai Budkov Kjaer
atp,Bueno G.,208293,Gonzalo Bueno
atp,Burruchaga R.,208882,Roman Andres Burruchaga
atp,Buse I.,209860,Ignacio Buse
atp,Butvilas E.,210220,Edas Butvilas
atp,Cachin P.,106398,Pedro Cachin
atp,Cadenasso G.,211533,Gianluca Cadenasso
atp,Carballes Baena R.,106148,Roberto Carballes Baena
atp,Carreno Busta P.,105807,Pablo Carreno Busta
atp,Caruso S.,106099,Salvatore Caruso
atp,Casanova H.,106292,Hernan Casanova
atp,Cassone M.,209326,Murphy Cassone
atp,Catarina L.,200031,Lucas Catarina
atp,Cazaux A.,209070,Arthur Cazaux
atp,Cecchinato M.,106065,Marco Cecchinato
atp,Celikbilek A.,123795,Altug Celikbilek
atp,Cerundolo F.,202103,Francisco Cerundolo
atp,Cerundolo J.M.,207678,Juan Manuel Cerundolo
atp,Chakravarthi C.,207531,Caleb Chakravarthi
atp,Chan D.,211673,Duncan Chan
atp,Chappell N.,111436,Nick Chappell
atp,Chardy J.,104871,Jeremy Chardy
atp,Chidekh C.,206889,Clement Chidekh
atp,Choinski J.,123828,Jan Choinski
atp,Chung Y.,126283,Yunseong Chung
atp,Cilic M.,105227,Marin Cilic
atp,Cina F.,210748,Federico Cina
atp,Clarke J.,126652,Jay Clarke
atp,Cobolli F.,207925,Flavio Cobolli
atp,Collarini A.,105911,Andrea Collarini
atp,Collignon R.,209920,Raphael Collignon
atp,Comesana F.,207681,Francisco Comesana
atp,Copil M.,105657,Marius Copil
atp,Coppejans K.,106293,Kimmer Coppejans
atp,Coria F.,105948,Federico Coria
atp,Coric B.,106432,Borna Coric
atp,Couacaud E.,111505,Enzo Couacaud
atp,Crawford O.,200610,Oliver Crawford
atp,Cressy M.,202195,Maxime Cressy
atp,Cuevas P.,104655,Pablo Cuevas
atp,Cui J.,200666,Jie Cui
atp,Dahlin M.,211609,Max Dahlin
atp,Damas M.,207732,Miguel Damas
atp,Damm M.,102093,Martin Damm
atp,Daniel T.,106121,Taro Daniel
atp,Darderi L.,209260,Luciano Darderi
atp,Davidovich Fokina A.,200221,Alejandro Davidovich Fokina
atp,De Jong J.,207411,Jesper De Jong
atp,De Minaur A.,200282,Alex De Minaur
atp,Dedura D.,212309,Diego Dedura Palomero
atp,Dedura-Palomero D.,212309,Diego Dedura Palomero
atp,Del Potro J.M.,105223,Juan Martin del Potro
atp,Delbonis F.,105643,Federico Delbonis
atp,Dellien H.,106198,Hugo Dellien
atp,Den Ouden G.,209911,Guy Den Ouden
atp,Denolly C.,144656,Corentin Denolly
atp,Dhamne M.,211768,Manas Dhamne
atp,Diallo G.,209113,Gabriel Diallo
atp,Diaz Acosta F.,207680,Facundo Diaz Acosta
atp,Dietrich D.,210157,Dylan Dietrich
atp,Diez S.,105731,Steven Diez
atp,Dimitrov G.,105777,Grigor Dimitrov
atp,Djere L.,111513,Laslo Djere
atp,Djokovic N.,104925,Novak Djokovic
atp,Djuric B.,210025,Branko Djuric
atp,Dodig M.,212063,Matej Dodig
atp,Donskoy E.,105539,Evgeny Donskoy
atp,Dostanic S.,207969,Stefan Dostanic
atp,Dougaz A.,144826,Aziz Dougaz
atp,Draper J.,207733,Jack Draper
atp,Draxl L.,208119,Liam Draxl
atp,Droguet T.,208169,Titouan Droguet
atp,Duckworth J.,105902,James Duckworth
atp,Durasovic V.,126340,Viktor Durasovic
atp,Dutra Da Silva D.,105180,Daniel Dutra Da Silva
atp,Dzumhur D.,106000,Damir Dzumhur
atp,Ebden M.,105051,Matthew Ebden
atp,Echargui M.,121411,Moez Echargui
atp,Edmund K.,106378,Kyle Edmund
atp,Ehrat S.,105757,Sandro Ehrat
atp,Engel J.,211514,Justin Engel
atp,Erler A.,126623,Alexander Erler
atp,Escobedo E.,124014,Ernesto Escobedo
atp,Escoffier A.,105938,Antoine Escoffier
atp,Etcheverry T.,144869,Tomas Martin Etcheverry
atp,Etcheverry T. M.,144869,Tomas Martin Etcheverry
atp,Eubanks C.,111153,Christopher Eubanks
atp,Evans D.,105554,Daniel Evans
atp,Fabbiano T.,105341,Thomas Fabbiano
atp,Fancutt T.,126573,Thomas Fancutt
atp,Fanselow S.,110751,Sebastian Fanselow
atp,Faria J.,210262,Jaime Faria
atp,Faurel T.,212225,Thomas Faurel
atp,Fearnley J.,207985,Jacob Fearnley
atp,Federer R.,103819,Roger Federer
atp,Feldbausch K.,210005,Kilian Feldbausch
atp,Ferreira Silva F.,106393,Frederico Ferreira Silva
atp,Fery A.,209259,Arthur Fery
atp,Ficovich J.P.,126663,Juan Pablo Ficovich
atp,Fils A.,209950,Arthur Fils
atp,Fognini F.,104926,Fabio Fognini
atp,Fonseca J.,211663,Joao Fonseca
atp,Forbes M.,212733,Matthew Forbes
atp,Fratangelo B.,106216,Bjorn Fratangelo
atp,Friberg K.,200418,Karl Friberg
atp,Fritz T.,126203,Taylor Fritz
atp,Fucsovics M.,105916,Marton Fucsovics
atp,Furness E.,145001,Evan Furness
atp,Gaio F.,105943,Federico Gaio
atp,Gakhov I.,123809,Ivan Gakhov
atp,Galan D.E.,123755,Daniel Elahi Galan
atp,Galarneau A.,200008,Alexis Galarneau
atp,Garin C.,106426,Cristian Garin
atp,Gasquet R.,104755,Richard Gasquet
atp,Gaston H.,200384,Hugo Gaston
atp,Gaubas V.,209147,Vilius Gaubas
atp,Gea A.,210338,Arthur Gea
atp,Geerts M.,126107,Michael Geerts
atp,Gentzsch T.,210167,Tom Gentzsch
atp,Gerasimov E.,106078,Egor Gerasimov
atp,Ghibaudo A.,211577,Antoine Ghibaudo
atp,Giannessi A.,105561,Alessandro Giannessi
atp,Gigante M.,209263,Matteo Gigante
atp,Gill F.,208269,Felix Gill
atp,Gimeno Valero C.,202197,Carlos Gimeno Valero
atp,Giron M.,106218,Marcos Giron
atp,Giustino L.,105841,Lorenzo Giustino
atp,Goffin D.,105676,David Goffin
atp,Gojo B.,127339,Borna Gojo
atp,Gojowczyk P.,105376,Peter Gojowczyk
atp,Gombos N.,105613,Norbert Gombos
atp,Gomez E.,105877,Emilio Gomez
atp,Gomez F.,144870,Federico Agustin Gomez
atp,Gomez F.A.,144870,Federico Agustin Gomez
atp,Gorzny S.,210478,Sebastian Gorzny
atp,Gray A.,202400,Alastair Gray
atp,Grenier H.,126409,Hugo Grenier
atp,Griekspoor T.,134868,Tallon Griekspoor
atp,Guerrieri A.,200462,Andrea Guerrieri
atp,Guillen Meza A.,208223,Alvaro Guillen Meza
atp,Guinard M.,131905,Manuel Guinard
atp,Gulbis E.,105208,Ernests Gulbis
atp,Gunneswaran P.,105432,Prajnesh Gunneswaran
atp,Haase R.,104898,Robin Haase
atp,Habib H.,200273,Hady Habib
atp,Halys Q.,111460,Quentin Halys
atp,Hanfmann Y.,105870,Yannick Hanfmann
atp,Hardt N.,200572,Nick Hardt
atp,Harris A.,106302,Andrew Harris
atp,Harris B.,126129,Billy Harris
atp,Harris L.,144750,Lloyd Harris
atp,Harrison C.,106328,Christian Harrison
atp,Harrison R.,105992,Ryan Harrison
atp,Hassan B.,133975,Benjamin Hassan
atp,Heide G.,208361,Gustavo Heide
atp,Hemery C.,123921,Calvin Hemery
atp,Herbert P.,105732,Pierre Hugues Herbert
atp,Herbert P.H.,105732,Pierre Hugues Herbert
atp,Hernandez A.,207834,Juan Alejandro Hernandez Serrano
atp,Hewitt C.,213178,Cruz Hewitt
atp,Hijikata R.,208014,Rinky Hijikata
atp,Hoang A.,126156,Antoine Hoang
atp,Holmgren A.,200416,August Holmgren
atp,Holt B.,200587,Brandon Holt
atp,Hong S.,111805,Seong Chan Hong
atp,Horansky F.,106110,Filip Horansky
atp,Hsu Y.,200318,Yu Hsiou Hsu
atp,Hu J.,213165,Jia Hu
atp,Huesler M.,144817,Marc Andrea Huesler
atp,Huesler M.A.,144817,Marc Andrea Huesler
atp,Humbert U.,200005,Ugo Humbert
atp,Hurkacz H.,128034,Hubert Hurkacz
atp,Hussey G.,208144,Giles Hussey
atp,Ilhan M.,104947,Marsel Ilhan
atp,Ilkel C.,117356,Cem Ilkel
atp,Isner J.,104545,John Isner
atp,Istomin D.,104797,Denis Istomin
atp,Ivanov I.,129814,Ivan Ivanov
atp,Ivashka I.,125802,Ilya Ivashka
atp,Jacquet K.,208021,Kyrian Jacquet
atp,Janvier M.,126125,Maxime Janvier
atp,Jarry N.,111797,Nicolas Jarry
atp,Jasika O.,117357,Omar Jasika
atp,Jaziri M.,104291,Malek Jaziri
atp,Jianu F.C.,202262,Filip Cristian Jianu
atp,Jodar R.,212588,Rafael Jodar
atp,Johnson S.,105449,Steve Johnson
atp,Jorda Sanchis D.,122554,David Jorda Sanchis
atp,Jubb P.,206703,Paul Jubb
atp,Jung J.,105359,Jason Jung
atp,Kachmazov A.,208230,Alibek Kachmazov
atp,Kadhe A.,111459,Arjun Kadhe
atp,Karatsev A.,106234,Aslan Karatsev
atp,Karlovic I.,103333,Ivo Karlovic
atp,Kasnikowski M.,209874,Maks Kasnikowski
atp,Kecmanovic M.,200175,Miomir Kecmanovic
atp,Kennedy J.,213605,Jack Kennedy
atp,Khachanov K.,111575,Karen Khachanov
atp,Kicker N.,106044,Nicolas Kicker
atp,King D.,105985,Darian King
atp,King K.,110536,Kevin King
atp,Kirchheimer S.,126177,Strong Kirchheimer
atp,Kirkin E.,144985,Ergi Kirkin
atp,Klahn B.,105614,Bradley Klahn
atp,Klein L.,127760,Lukas Klein
atp,Klizan M.,105373,Martin Klizan
atp,Koepfer D.,136440,Dominik Koepfer
atp,Kohlschreiber P.,104259,Philipp Kohlschreiber
atp,Kokkinakis T.,106423,Thanasi Kokkinakis
atp,Kolar Z.,144645,Zdenek Kolar
atp,Kopriva V.,200240,Vit Kopriva
atp,Korda S.,200624,Sebastian Korda
atp,Kotov P.,200303,Pavel Kotov
atp,Kouame M.,213608,Moise Kouame
atp,Kovacevic A.,206499,Aleksandar Kovacevic
atp,Kovalik J.,106075,Jozef Kovalik
atp,Kozlov S.,111578,Stefan Kozlov
atp,Krajinovic F.,105936,Filip Krajinovic
atp,Krall L.,210740,Liam Krall
atp,Krstin P.,106353,Pedja Krstin
atp,Krueger M.,106283,Mitchell Krueger
atp,Krumich M.,209322,Martin Krumich
atp,Krutykh O.,208071,Oleksii Krutykh
atp,Kubler J.,106186,Jason Kubler
atp,Kudla D.,106045,Denis Kudla
atp,Kuhn N.,200095,Nicola Kuhn
atp,Kukushkin M.,105062,Mikhail Kukushkin
atp,Kumar O.,208300,Omni Kumar
atp,Kuzmanov D.,106220,Dimitar Kuzmanov
atp,Kuznetsov An.,105723,Andrey Kuznetsov
atp,Kwiatkowski T.S.,111515,Thai Son Kwiatkowski
atp,Kwon S.,126952,Soon Woo Kwon
atp,Kwon S.W.,126952,Soon Woo Kwon
atp,Kym J.,208843,Jerome Kym
atp,Kypson P.,200516,Patrick Kypson
atp,Kyrgios N.,106401,Nick Kyrgios
atp,Laaksonen H.,105967,Henri Laaksonen
atp,Lacko L.,105041,Lukas Lacko
atp,Lajal M.,210136,Mark Lajal
atp,Lajovic D.,105583,Dusan Lajovic
atp,Lalami Laaroussi Y.,207794,Younes Lalami Laaroussi
atp,Lama G.,106174,Gonzalo Lama
atp,Lamasine T.,106137,Tristan Lamasine
atp,Landaluce M.,212021,Martin Landaluce
atp,Lazarov A.,200247,Alexandar Lazarov
atp,Lehecka J.,208103,Jiri Lehecka
atp,Leshem E.,122548,Edan Leshem
atp,Lestienne C.,106005,Constant Lestienne
atp,Li Zh.,104810,Zhe Li
atp,Llamas Ruiz P.,208010,Pablo Llamas Ruiz
atp,Lock B.,111761,Benjamin Lock
atp,Loffhagen G.,207785,George Loffhagen
atp,Lokoli L.,106362,Laurent Lokoli
atp,Londero J.I.,106228,Juan Ignacio Londero
atp,Lopez F.,103852,Feliciano Lopez
atp,Lopez San Martin A.,126533,Alvaro Lopez San Martin
atp,Lopez Villasenor G.,126204,Gerardo Lopez Villasenor
atp,Lorenzi P.,103893,Paolo Lorenzi
atp,Lu Y.,104229,Yen Hsun Lu
atp,Luz O.,126197,Orlando Luz
atp,Machac T.,207830,Tomas Machac
atp,Madaras D.,200096,Dragos Nicolae Madaras
atp,Maestrelli F.,208353,Francesco Maestrelli
atp,Magadan A.,209246,Alan Magadan
atp,Mager G.,126149,Gianluca Mager
atp,Majchrzak K.,111794,Kamil Majchrzak
atp,Mannarino A.,105173,Adrian Mannarino
atp,Mansouri S.,109734,Skander Mansouri
atp,Marchenko I.,105011,Illya Marchenko
atp,Marcondes I.,127108,Igor Ribeiro Marcondes
atp,Marcora R.,105406,Roberto Marcora
atp,Marozsan F.,206681,Fabian Marozsan
atp,Marterer M.,109739,Maximilian Marterer
atp,Martin A.,105413,Andrej Martin
atp,Martineau M.,200188,Matteo Martineau
atp,Martinez P.,124079,Pedro Martinez
atp,Masur D.,109054,Daniel Masur
atp,Mayer L.,104919,Leonardo Mayer
atp,Mayo A.,208854,Aidan Mayo
atp,Mayot H.,208004,Harold Mayot
atp,McCabe J.,210317,James Mccabe
atp,McDonald M.,111456,Mackenzie Mcdonald
atp,McDonald N.,213360,Niels Mcdonald
atp,Mccabe J.,210317,James Mccabe
atp,Mcdonald M.,111456,Mackenzie Mcdonald
atp,Medjedovic H.,209098,Hamad Medjedovic
atp,Medvedev D.,106421,Daniil Medvedev
atp,Mejia N.,200711,Nicolas Mejia
atp,Meligeni Alves F.,200335,Felipe Meligeni Alves
atp,Melzer G.,105589,Gerald Melzer
atp,Mena F.,106057,Facundo Mena
atp,Menezes J.,110778,Joao Menezes
atp,Mensik J.,210150,Jakub Mensik
atp,Merida Aguilar D.,210017,Daniel Merida Aguilar
atp,Michelsen A.,210506,Alex Michelsen
atp,Midon L.,210510,Lautaro Midon
atp,Miguel L.,213036,Luis Guto Miguel
atp,Mikrut L.,210053,Luka Mikrut
atp,Millman J.,105357,John Millman
atp,Milojevic N.,110748,Nikola Milojevic
atp,Misolic F.,209209,Filip Misolic
atp,Mmoh M.,111581,Michael Mmoh
atp,Mo Y.,202168,Ye Cong Mo
atp,Mochizuki S.,208278,Shintaro Mochizuki
atp,Molcan A.,144684,Alex Molcan
atp,Molleker R.,200484,Rudolf Molleker
atp,Moller E.,209284,Elmer Moller
atp,Monday J.,208902,Johannus Monday
atp,Monfils G.,104792,Gael Monfils
atp,Monteiro T.,106329,Thiago Monteiro
atp,Moraing M.,121531,Mats Moraing
atp,Moreno De Alboran N.,134457,Nicolas Moreno De Alboran
atp,Moriya H.,105655,Hiroki Moriya
atp,Moro Canas A.,208279,Alejandro Moro Canas
atp,Moroni G.M.,126237,Gian Marco Moroni
atp,Mott B.,106425,Blake Mott
atp,Moundir A.,125842,Adam Moundir
atp,Moutet C.,144895,Corentin Moutet
atp,Mpetshi G.,208659,Giovanni Mpetshi Perricard
atp,Mpetshi Perricard G.,208659,Giovanni Mpetshi Perricard
atp,Mu T.,200307,Tao Mu
atp,Mukund S.,124154,Sasi Kumar Mukund
atp,Muller A.,124186,Alexandre Muller
atp,Munar J.,144719,Jaume Munar
atp,Murray A.,104918,Andy Murray
atp,Musetti L.,207518,Lorenzo Musetti
atp,Nadal R.,104745,Rafael Nadal
atp,Nagal S.,111576,Sumit Nagal
atp,Nakashima B.,206909,Brandon Nakashima
atp,Nam J.S.,106227,Ji Sung Nam
atp,Nanda G.,207181,Govind Nanda
atp,Napolitano S.,109303,Stefano Napolitano
atp,Nardi L.,208134,Luca Nardi
atp,Nava E.,207182,Emilio Nava
atp,Navone M.,208363,Mariano Navone
atp,Neff A.,208117,Adam Neff
atp,Neumayer L.,209903,Lukas Neumayer
atp,Nikles J.,126627,Johan Nikles
atp,Nishikori K.,105453,Kei Nishikori
atp,Nishioka Y.,106415,Yoshihito Nishioka
atp,Noguchi R.,200677,Rio Noguchi
atp,Norrie C.,111815,Cameron Norrie
atp,Novak D.,110602,Dennis Novak
atp,O Connell C.,106331,Christopher Oconnell
atp,Ofner S.,124116,Sebastian Ofner
atp,Oliel Y.,200075,Yshai Oliel
atp,Olivieri G.,144821,Genaro Alberto Olivieri
atp,Olivo R.,105952,Renzo Olivo
atp,Omarkhanov A.,212788,Amir Omarkhanov
atp,Onclin G.,206904,Gauthier Onclin
atp,Opelka R.,124187,Reilly Opelka
atp,Otte O.,106214,Oscar Otte
atp,Pacheco Mendez R.,210202,Rodrigo Pacheco Mendez
atp,Paire B.,105332,Benoit Paire
atp,Pannu K.,208485,Kiranpal Pannu
atp,Papamalamis T.,210494,Theo Papamalamis
atp,Passaro F.,208859,Francesco Passaro
atp,Paul T.,126205,Tommy Paul
atp,Pavlovic L.,202146,Luka Pavlovic
atp,Pecotic M.,123896,Matija Pecotic
atp,Pella G.,105550,Guido Pella
atp,Pellegrino A.,126504,Andrea Pellegrino
atp,Peniston R.,126106,Ryan Peniston
atp,Pereira T.,211500,Tiago Pereira
atp,Pervolarakis M.,133018,Michail Pervolarakis
atp,Petrovic D.,105905,Danilo Petrovic
atp,Pinnington Jones J.,209957,Jack Pinnington Jones
atp,Piros Z.,200436,Zsombor Piros
atp,Poljicak M.,209890,Mili Poljicak
atp,Polmans M.,117360,Marc Polmans
atp,Popko D.,122078,Dmitry Popko
atp,Popyrin A.,200615,Alexei Popyrin
atp,Pospisil V.,105577,Vasek Pospisil
atp,Pouille L.,106298,Lucas Pouille
atp,Prado Angelo J.C.,210178,Juan Carlos Prado Angelo
atp,Prizmic D.,209976,Dino Prizmic
atp,Pucinelli de Almeida M.,207799,Matheus Pucinelli De Almeida
atp,Purcell M.,126845,Max Purcell
atp,Querrey S.,105023,Sam Querrey
atp,Quinn E.,210319,Ethan Quinn
atp,Quiroz R.,105933,Roberto Quiroz
atp,Ramanathan R.,106368,Ramkumar Ramanathan
atp,Ramos A.,105077,Albert Ramos
atp,Ramos-Vinolas A.,105077,Albert Ramos
atp,Raonic M.,105683,Milos Raonic
atp,Rehberg M.,208819,Max Hans Rehberg
atp,Reis Da Silva J.,206307,Joao Lucas Reis Da Silva
atp,Rejchtman Vinciguerra W.,212478,William Rejchtman Vinciguerra
atp,Riedi L.,209857,Leandro Riedi
atp,Riffice S.,200589,Sam Riffice
atp,Rincon D.,209405,Daniel Rincon
atp,Rinderknech A.,126239,Arthur Rinderknech
atp,Ritschard A.,106310,Alexander Ritschard
atp,Robredo T.,103990,Tommy Robredo
atp,Roca Batalla O.,106177,Oriol Roca Batalla
atp,Rocha H.,210012,Henrique Rocha
atp,Rodesch C.,208210,Chris Rodesch
atp,Rodionov J.,200514,Jurij Rodionov
atp,Rodriguez Taverna S.,144973,Santiago Fa Rodriguez Taverna
atp,Rola B.,105641,Blaz Rola
atp,Rosol L.,104586,Lukas Rosol
atp,Rottgering M.,212219,Mees Rottgering
atp,Royer V.,208316,Valentin Royer
atp,Rubin N.,111511,Noah Rubin
atp,Rublev A.,126094,Andrey Rublev
atp,Rune H.,208029,Holger Rune
atp,Ruud C.,134770,Casper Ruud
atp,Ruusuvuori E.,200325,Emil Ruusuvuori
atp,Rybakov A.,126206,Alex Rybakov
atp,Sachko V.,126964,Vitaliy Sachko
atp,Safiullin R.,126128,Roman Safiullin
atp,Sakamoto R.,210536,Rei Sakamoto
atp,Sakellaridis S.,208852,Stefanos Sakellaridis
atp,Samrej K.,208937,Kasidit Samrej
atp,Samuel T.,210389,Toby Samuel
atp,Sanchez Izquierdo N.,207663,Nikolas Sanchez Izquierdo
atp,Sandgren T.,105815,Tennys Sandgren
atp,Sarkissian A.,105512,Alexander Sarkissian
atp,Saville L.,106291,Luke Saville
atp,Schnur B.,111790,Brayden Schnur
atp,Schoenhaus M.,212268,Max Schoenhaus
atp,Schoolkate T.,209262,Tristan Schoolkate
atp,Schwaerzler J.,212082,Joel Schwaerzler
atp,Schwaerzler J.J.,212082,Joel Schwaerzler
atp,Schwartzman D.,106043,Diego Schwartzman
atp,Searle H.,211902,Henry Searle
atp,Sekulic P.,210340,Philip Sekulic
atp,Sell K.,106264,Karue Sell
atp,Seppi A.,104312,Andreas Seppi
atp,Serdarusic N.,126120,Nino Serdarusic
atp,Sesko Z.,212949,Ziga Sesko
atp,Seyboth Wild T.,205734,Thiago Seyboth Wild
atp,Shang J.,209992,Juncheng Shang
atp,Shapovalov D.,133430,Denis Shapovalov
atp,Shelbayh A.,209406,Abedallah Shelbayh
atp,Shelton B.,210097,Ben Shelton
atp,Shevchenko A.,207686,Alexander Shevchenko
atp,Shimabukuro S.,200647,Sho Shimabukuro
atp,Shimizu Y.,202122,Yuta Shimizu
atp,Simon G.,104468,Gilles Simon
atp,Sinner J.,206173,Jannik Sinner
atp,Skatov T.,207608,Timofey Skatov
atp,Smith C.,212256,Colton Smith
atp,Smith J.P.,105441,John Patrick Smith
atp,Sock J.,106058,Jack Sock
atp,Sonego L.,132283,Lorenzo Sonego
atp,Soto M.,207130,Matias Soto
atp,Sousa J.,105311,Joao Sousa
atp,Sousa P.,105155,Pedro Sousa
atp,Spizzirri E.,208118,Eliot Spizzirri
atp,Squire H.,202260,Henri Squire
atp,Stakhovsky S.,104660,Sergiy Stakhovsky
atp,Stebe C.M.,105649,Cedrik Marcel Stebe
atp,Stewart H.,207171,Hamish Stewart
atp,Stricker D.,208502,Dominic Stricker
atp,Struff J.L.,105526,Jan Lennard Struff
atp,Sugita Y.,105216,Yuichi Sugita
atp,Sun F.,111806,Fajing Sun
atp,Suresh D.,202290,Dhakshineswar Suresh
atp,Svajda T.,212216,Trevor Svajda
atp,Svajda Z.,208260,Zachary Svajda
atp,Svrcina D.,207494,Dalibor Svrcina
atp,Sweeny D.,208013,Dane Sweeny
atp,Taberner C.,126535,Carlos Taberner
atp,Tabilo A.,126214,Alejandro Tabilo
atp,Tabur C.,202127,Clement Tabur
atp,Tarvet O.,210472,Oliver Tarvet
atp,Te R.,144751,Rigele Te
atp,Thiem D.,106233,Dominic Thiem
atp,Thompson J.,111442,Jordan Thompson
atp,Tiafoe F.,126207,Frances Tiafoe
atp,Tien L.,210530,Learner Tien
atp,Tirante T. A.,202058,Thiago Agustin Tirante
atp,Tirante T.A.,202058,Thiago Agustin Tirante
atp,Tiurnev E.,126185,Evgenii Tiurnev
atp,Tomic B.,106071,Bernard Tomic
atp,Topo M.,209916,Marko Topo
atp,Torpegaard M.,111453,Mikael Torpegaard
atp,Torres T.,208426,Tiago Torres
atp,Travaglia S.,105882,Stefano Travaglia
atp,Troicki V.,104678,Viktor Troicki
atp,Trotter J.K.,208389,James Trotter
atp,Trungelliti M.,105477,Marco Trungelliti
atp,Tseng C. H.,202358,Chun Hsin Tseng
atp,Tseng C.H.,202358,Chun Hsin Tseng
atp,Tsitsipas P.,202065,Petros Tsitsipas
atp,Tsitsipas S.,126774,Stefanos Tsitsipas
atp,Tsonga J.W.,104542,Jo-Wilfried Tsonga
atp,Tu L.,111454,Li Tu
atp,Turcanu R.D.,212886,Radu David Turcanu
atp,Uchida K.,111187,Kaichi Uchida
atp,Uchiyama Y.,106034,Yasutaka Uchiyama
atp,Ugo Carabelli C.,200116,Camilo Ugo Carabelli
atp,Vacherot V.,200473,Valentin Vacherot
atp,Valkusz M.,200218,Mate Valkusz
atp,Vallejo D.,209226,Adolfo Daniel Vallejo
atp,Van Assche L.,209414,Luca Van Assche
atp,Van De Zandschulp B.,122298,Botic Van De Zandschulp
atp,Van Rijthoven T.,126646,Tim Van Rijthoven
atp,Vandecasteele Q.,209088,Quinn Vandecasteele
atp,Varillas J. P.,122669,Juan Pablo Varillas
atp,Varillas J.P.,122669,Juan Pablo Varillas
atp,Vatutin A.,106072,Alexey Vatutin
atp,Vavassori A.,131934,Andrea Vavassori
atp,Verdasco F.,104269,Fernando Verdasco
atp,Vesely J.,106210,Jiri Vesely
atp,Vilella Martinez M.,106408,Mario Vilella Martinez
atp,Villanueva G.,106380,Gonzalo Villanueva
atp,Virtanen O.,202261,Otto Virtanen
atp,Vrbensky M.,202398,Michael Vrbensky
atp,Vukic A.,126846,Aleksandar Vukic
atp,Walton A.,200443,Adam Walton
atp,Ward J.,104868,James Ward
atp,Watanuki Y.,133297,Yosuke Watanuki
atp,Watt J.,211767,James Watt
atp,Wawrinka S.,104527,Stan Wawrinka
atp,Wendelken H.,207784,Harry Wendelken
atp,Wessels L.,144923,Louis Wessels
atp,Winter E.,210399,Edward Winter
atp,Wolf J.J.,200670,J J Wolf
atp,Wong C.,209409,Coleman Wong
atp,Wu T.L.,126555,Tung Lin Wu
atp,Wu Y.,200059,Yibing Wu
atp,Yevseyev D.,106187,Denis Yevseyev
atp,Ymer E.,111200,Elias Ymer
atp,Ymer M.,144707,Mikael Ymer
atp,Young D.,105385,Donald Young
atp,Zahraj P.,200452,Patrick Zahraj
atp,Zapata Miralles B.,126523,Bernabe Zapata Miralles
atp,Zayid M.,122570,Mubarak Shannan Zayid
atp,Zayid M.S.,122570,Mubarak Shannan Zayid
atp,Zeppieri G.,206748,Giulio Zeppieri
atp,Zhang Zh.,111190,Zhizhen Zhang
atp,Zheng M.,210116,Michael Zheng
atp,Zhou Y.,212044,Yi Zhou
atp,Zhukayev B.,202320,Beibit Zhukayev
atp,Zuk K.,200390,Kacper Zuk
atp,Zverev A.,100644,Alexander Zverev
atp,Zverev M.,104999,Mischa Zverev
wta,Abanda F.,211796,Francoise Abanda
wta,Abduraimova N.,201672,Nigina Abduraimova
wta,Adkar V.,261038,Vaishnavi Adkar
wta,Ahn A.,260101,Alyssa Ahn
wta,Ahn K.,201529,Kristie Ahn
wta,Aiava D.,215018,Destanee Aiava
wta,Aksu A.,213767,Ayla Aksu
wta,Alexandrova E.,206420,Ekaterina Alexandrova
wta,Alves C.,206430,Carolina Alves
wta,Amariei I.D.,221168,Ilinca Dalina Amariei
wta,Anderson R.,203513,Robin Anderson
wta,Andreescu B.,215370,Bianca Andreescu
wta,Andreeva E.,222965,Erika Andreeva
wta,Andreeva M.,259799,Mirra Andreeva
wta,Andrianjafitrimo T.,214219,Tessah Andrianjafitrimo
wta,Anisimova A.,216153,Amanda Anisimova
wta,Anshba A.,214020,Amina Anshba
wta,Appleton E.,215431,Emily Appleton
wta,Arango E.,215306,Emiliana Arango
wta,Arconada U.M.,213672,Usue Maitane Arconada
wta,Argyrokastriti M.,221195,Marianne Argyrokastriti
wta,Arruabarrena L.,202418,Lara Arruabarrena
wta,Arseneault A.,220502,Ariana Arseneault
wta,Astakhova D.,221178,Darya Astakhova
wta,Avanesyan E.,220589,Elina Avanesyan
wta,Avdeeva J.,222919,Julia Avdeeva
wta,Azarenka V.,201458,Victoria Azarenka
wta,Babel O.,221746,Oceane Babel
wta,Babos T.,201693,Timea Babos
wta,Back D.,220432,Dayeon Back
wta,Badosa P.,211651,Paula Badosa
wta,Bai Z.,222296,Zhuoxuan Bai
wta,Baindl K.,203462,Kateryna Baindl
wta,Bains N.,206362,Naiktha Bains
wta,Bandecchi S.,214826,Susan Bandecchi
wta,Baptiste H.,221024,Hailey Baptiste
wta,Bara I.,210705,Irina Bara
wta,Barros V.L.,269259,Victoria Luiza Barros
wta,Barry M.,222667,Monique Barry
wta,Barthel M.,201621,Mona Barthel
wta,Bartunkova N.,223360,Nikola Bartunkova
wta,Barty A.,202458,Ashleigh Barty
wta,Basiletti N.,231625,Noemi Basiletti
wta,Bassols M.,215453,Marina Bassols Ribera
wta,Bassols Ribera M.,215453,Marina Bassols Ribera
wta,Baszak W.,223336,Weronika Baszak
wta,Bechri C.,214032,Chiraz Bechri
wta,Begu I.,201593,Irina Camelia Begu
wta,Bejlek S.,239383,Sara Bejlek
wta,Bektas E.,211765,Emina Bektas
wta,Bencic B.,202505,Belinda Bencic
wta,Benoit M.,211260,Marie Benoit
wta,Berberovic N.,215131,Nefisa Berberovic
wta,Bertea E.R.,246493,Elena Ruxandra Bertea
wta,Bertens K.,202428,Kiki Bertens
wta,Betova M.,262873,Margarita Betova
wta,Bhamidipaty S.R.,220842,Shrivalli Rashmikaa Bhamidipaty
wta,Bhatia R.,211668,Riya Bhatia
wta,Birrell K.,214040,Kimberly Birrell
wta,Bjorklund M.,214405,Mirjam Bjorklund
wta,Blinkova A.,215020,Anna Blinkova
wta,Bogdan A.,202536,Ana Bogdan
wta,Boisson L.,222391,Lois Boisson
wta,Bolkvadze M.,213734,Mariam Bolkvadze
wta,Bolsova A.,211901,Aliona Bolsova
wta,Bolsova Zadoinov A.,211901,Aliona Bolsova
wta,Bonaventure Y.,204434,Ysaline Bonaventure
wta,Bondar A.,214388,Anna Bondar
wta,Bondarenko K.,201435,Kateryna Bondarenko
wta,Boskovic L.,214521,Lea Boskovic
wta,Bouchard E.,202446,Eugenie Bouchard
wta,Boulter K.,211107,Katie Boulter
wta,Bouzas Maneiro J.,222601,Jessica Bouzas Maneiro
wta,Bouzkova M.,213631,Marie Bouzkova
wta,Brace C.,223335,Cadence Brace
wta,Brady J.,206108,Jennifer Brady
wta,Brancaccio N.,215572,Nuria Brancaccio
wta,Branstine C.,215062,Carson Branstine
wta,Brantmeier R.,222034,Reese Brantmeier
wta,Brengle M.,201483,Madison Brengle
wta,Brockmann T.J.,260598,Tessa Johanna Brockmann
wta,Bronzetti L.,214459,Lucia Bronzetti
wta,Bucsa C.,213710,Cristina Bucsa
wta,Bulgaru M.,214480,Miriam Bianca Bulgaru
wta,Burel C.,216262,Clara Burel
wta,Burillo Escorihuela I.,213706,Irene Burillo Escorihuela
wta,Burillo I.,213706,Irene Burillo Escorihuela
wta,Burrage J.,214839,Jodie Burrage
wta,Buyukakcay C.,201666,Cagla Buyukakcay
wta,Buzarnescu M.,202596,Mihaela Buzarnescu
wta,Cabrera L.,211878,Lizette Cabrera
wta,Cadantu A.,202456,Alexandra Cadantu Ignatik
wta,Candiotto A.,252488,Ana Candiotto
wta,Caregaro M.,201699,Martina Caregaro
wta,Carle M.,214604,Maria Lourdes Carle
wta,Ce G.,206194,Gabriela Ce
wta,Cengiz B.,214507,Berfu Cengiz
wta,Chang H.,213949,Hanna Chang
wta,Chang S.,214453,Sophie Chang
wta,Charaeva A.,221406,Alina Charaeva
wta,Cherubini D.,221000,Diletta Cherubini
wta,Chirico L.,211635,Louisa Chirico
wta,Chong E.,211269,Eudice Wong Chong
wta,Chwalinska M.,216081,Maja Chwalinska
wta,Ciric Bagaric L.,239156,Lucija Ciric Bagaric
wta,Cirstea S.,201514,Sorana Cirstea
wta,Clijsters K.,200079,Kim Clijsters
wta,Cocciaretto E.,220714,Elisabetta Cocciaretto
wta,Collins D.,203389,Danielle Collins
wta,Contreras Gomez F.,214782,Fernanda Contreras Gomez
wta,Cornet A.,201427,Alize Cornet
wta,Costoulas S.,223321,Sofia Costoulas
wta,Crawley F.,220680,Fiona Crawley
wta,Cristian J.,211713,Jaqueline Cristian
wta,Cross K.,239436,Kayla Cross
wta,Curmi F.,221014,Francesca Curmi
wta,Da Silva Fick G.,215832,Gabriella Da Silva Fick
wta,Dabrowski G.,202681,Gabriela Dabrowski
wta,Danilina A.,206363,Anna Danilina
wta,Danilovic O.,215337,Olga Danilovic
wta,Dart H.,211279,Harriet Dart
wta,Davis L.,201616,Lauren Davis
wta,Day K.,215037,Kayla Day
wta,Di Giuseppe M.,203325,Martina Di Giuseppe
wta,Di Lorenzo F.,215371,Francesca Di Lorenzo
wta,Di Sarra F.,202580,Federica Di Sarra
wta,Diatchenko V.,201554,Vitalia Diatchenko
wta,Diyas Z.,201610,Zarina Diyas
wta,Dodin O.,206219,Oceane Dodin
wta,Doi M.,201595,Misaki Doi
wta,Dolehide C.,214452,Caroline Dolehide
wta,Dudeney A.,260206,Alicia Dudeney
wta,Duerst J.,214930,Jenny Duerst
wta,Dulgheru A.,201567,Alexandra Dulgheru
wta,Eala A.,223253,Alexandra Eala
wta,Efremova K.,266469,Ksenia Efremova
wta,Eikeri U.,205918,Ulrikke Eikeri
wta,El Allami M.,259753,Malak El Allami
wta,El Aouni A.,223671,Aya El Aouni
wta,El Jardi D.,215696,Diae El Jardi
wta,Erjavec V.,220662,Veronika Erjavec
wta,Errani S.,201506,Sara Errani
wta,Ewald W.,260541,Weronika Ewald
wta,Falei A.,221434,Aliona Falei
wta,Falkner Z.,221139,Ziva Falkner
wta,Falkowska W.,216579,Weronika Falkowska
wta,Fernandez L.A.,220367,Leylah Fernandez
wta,Ferrando C.,211216,Cristiana Ferrando
wta,Ferro F.,211539,Fiona Ferro
wta,Fett J.,213544,Jana Fett
wta,Fita Boluda A.,214236,Angela Fita Boluda
wta,Flipkens K.,201465,Kirsten Flipkens
wta,Fossa Huergo N.,213849,Nicole Fossa Huergo
wta,Fourlis J.,215096,Jaimee Fourlis
wta,Frech M.,211684,Magdalena Frech
wta,Friedsam A-L.,204431,Anna Lena Friedsam
wta,Friedsam A.L.,204431,Anna Lena Friedsam
wta,Frodin T.,264140,Thea Frodin
wta,Fruhvirtova B.,259104,Brenda Fruhvirtova
wta,Fruhvirtova L.,222258,Linda Fruhvirtova
wta,Fullana L.,220351,Luiza Fullana
wta,Fung S.,214577,Stacey Fung
wta,Gabueva A.,203236,Angelina Gabueva
wta,Gadecki O.,216265,Olivia Gadecki
wta,Galfi D.,213646,Dalma Galfi
wta,Gao X.,214386,Xinyu Gao
wta,Garcia C.,201614,Caroline Garcia
wta,Garcia Perez G.,202916,Georgina Garcia Perez
wta,Garland J.,220466,Joanna Garland
wta,Gasanova A.,214181,Anastasia Gasanova
wta,Gasparyan M.,202506,Margarita Gasparyan
wta,Gatto-Monticone G.,202579,Giulia Gatto Monticone
wta,Gauff C.,221103,Coco Gauff
wta,Gavrilova D.,260417,DUPE Daria Gavrilova
wta,Geerlings Martinez A.,231639,Ariana Geerlings
wta,Gerlach K.,212044,Katharina Gerlach
wta,Gervais J.,205714,Julie Gervais
wta,Ghioroaie I.G,214691,Ylona Georgiana Ghioroaie
wta,Gibson T.,221883,Talia Gibson
wta,Giorgi C.,202429,Camila Giorgi
wta,Gjorcheska L.,211227,Lina Gjorcheska
wta,Glatch A.,201443,Alexa Glatch
wta,Gleason Q.,211225,Quinn Gleason
wta,Glozman V.,260580,Valerie Glozman
wta,Glushko L.,215151,Lina Glushko
wta,Golubic V.,203530,Viktorija Golubic
wta,Gorgodze E.,202493,Ekaterine Gorgodze
wta,Govortsova O.,201501,Olga Govortsova
wta,Grabher J.,211814,Julia Grabher
wta,Gracheva V.,219875,Varvara Gracheva
wta,Grammatikopoulou V.,204394,Valentini Grammatikopoulou
wta,Grant T.C.,261972,Tyra Caterina Grant
wta,Grey S.,211031,Sarah Beth Grey
wta,Guo H.,215250,Hanyu Guo
wta,Guth M.,230880,Mara Guth
wta,Haas B.,202482,Barbara Haas
wta,Haddad Maia B.,206242,Beatriz Haddad Maia
wta,Halep S.,201594,Simona Halep
wta,Han N.L.,204291,Na Lae Han
wta,Hanatani N.,211544,Nagi Hanatani
wta,Harrison C.,202414,Catherine Harrison
wta,Harrison Ca.,202414,Catherine Harrison
wta,Hartono A.,215996,Arianne Hartono
wta,Hatouka Y.,216013,Yuliya Hatouka
wta,Havlickova L.,222980,Lucie Havlickova
wta,Hennemann C.W.,216385,Caijsa Wilda Hennemann
wta,Herazo M.,211864,Maria Fernanda Herazo Gonzalez
wta,Hercog P.,201555,Polona Hercog
wta,Herrero Linana A.,214189,Alicia Herrero Linana
wta,Hesse A.,203281,Amandine Hesse
wta,Hewitt D.,220550,Dalayna Hewitt
wta,Hibi M.,206349,Mayo Hibi
wta,Hibino N.,211702,Nao Hibino
wta,Higuita Barraza M.,246476,Mariana Isabel Higuita Barraza
wta,Higuita Barraza M. I.,246476,Mariana Isabel Higuita Barraza
wta,Hives Z.,211941,Zoe Hives
wta,Hobgarski K.,214081,Katharina Hobgarski
wta,Hodzic M.,216095,Mina Hodzic
wta,Hon P.,211880,Priscilla Hon
wta,Hontama M.,215988,Mai Hontama
wta,Hosogi S.,220718,Sakura Hosogi
wta,Hovde L.,234222,Liv Hovde
wta,Hozumi E.,205815,Eri Hozumi
wta,Hradecka L.,201556,Lucie Hradecka
wta,Hruncakova V.,214149,Viktoria Hruncakova
wta,Hsieh S.W.,201444,Su Wei Hsieh
wta,Hui K.,222866,Katherine Hui
wta,Hunter S.,204411,Storm Hunter
wta,Iatcenko P.,223325,Polina Iatcenko
wta,Ibragimova A.,260581,Alevtina Ibragimova
wta,Ignatik A.,202456,Alexandra Cadantu Ignatik
wta,Iliev S.,225858,Sarah Iliev
wta,In-Albon Y.,213837,Ylena In Albon
wta,Inglis M.,213666,Maddison Inglis
wta,Inoue H.,222080,Hina Inoue
wta,Ishii S.,259967,Sayaka Ishii
wta,Ito A.,256684,Aoi Ito
wta,Jabeur O.,202460,Ons Jabeur
wta,Jacquemot E.,221039,Elsa Jacquemot
wta,Jakupovic D.,203435,Dalila Jakupovic
wta,Jamrichova R.,260761,Renata Jamrichova
wta,Jang S.,204294,Su Jeong Jang
wta,Jani R-L.,202436,Reka Luca Jani
wta,Jani R.L.,202436,Reka Luca Jani
wta,Janicijevic S.,221911,Selena Janicijevic
wta,Jeanjean L.,206417,Leolia Jeanjean
wta,Jeong B.,221109,Boyoung Jeong
wta,Jiang X.,215045,Xinyu Jiang
wta,Jimenez Kasintseva V.,223286,Victoria Jimenez Kasintseva
wta,Jimenez V.,223286,Victoria Jimenez Kasintseva
wta,Joint M.,233741,Maya Joint
wta,Jones E.,263644,Emerson Jones
wta,Jones F.,215936,Francesca Jones
wta,Jorovic I.,211736,Ivana Jorovic
wta,Jovic I.,260300,Iva Jovic
wta,Juvan K.,215219,Kaja Juvan
wta,Kabbaj Y.,236956,Yasmine Kabbaj
wta,Kalashnikova O.,202611,Oksana Kalashnikova
wta,Kalieva E.,220722,Elvina Kalieva
wta,Kalinina A.,211843,Anhelina Kalinina
wta,Kalinskaya A.,214939,Anna Kalinskaya
wta,Kanepi K.,201466,Kaia Kanepi
wta,Karatancheva L.,220757,Lia Karatancheva
wta,Kartal S.,222661,Sonay Kartal
wta,Kasatkina D.,214082,Daria Kasatkina
wta,Kawa K.,203514,Katarzyna Kawa
wta,Kenin S.,213550,Sofia Kenin
wta,Kerber A.,201493,Angelique Kerber
wta,Kessler M.,220520,Mccartney Kessler
wta,Keys M.,201619,Madison Keys
wta,Khromacheva I.,202701,Irina Khromacheva
wta,Kichenok N.,203297,Nadiya Kichenok
wta,Kiick A.,213530,Allie Kiick
wta,Kinoshita H.,260171,Hayu Kinoshita
wta,Klimovicova L.,221626,Linda Klimovicova
wta,Klugman H.,263872,Hannah Klugman
wta,Knutson G.,213873,Gabriela Andrea Knutson
wta,Kobori M.,215468,Momoko Kobori
wta,Koevermans A.,222017,Anouk Koevermans
wta,Konjuh A.,211951,Ana Konjuh
wta,Konta J.,202427,Johanna Konta
wta,Kontaveit A.,204426,Anett Kontaveit
wta,Korneeva A.,252499,Alina Korneeva
wta,Korpatsch T.,211337,Tamara Korpatsch
wta,Kostovic T.,267439,Teodora Kostovic
wta,Kostyuk M.,216146,Marta Kostyuk
wta,Kotliar Y.,245077,Yelyzaveta Kotliar
wta,Kovackova A.,266800,Alena Kovackova
wta,Kovackova J.,270058,Jana Kovackova
wta,Kovinic D.,203575,Danka Kovinic
wta,Kraus S.,221257,Sinja Kraus
wta,Krawczyk D.,215305,Desirae Krawczyk
wta,Krejcikova B.,206252,Barbora Krejcikova
wta,Krueger A.,221909,Ashlyn Krueger
wta,Krunic A.,202434,Aleksandra Krunic
wta,Ku Y.,220454,Yeon Woo Ku
wta,Kubka M.,221243,Martyna Kubka
wta,Kucova K.,201568,Kristina Kucova
wta,Kudermetova P.,221236,Polina Kudermetova
wta,Kudermetova V.,206368,Veronika Kudermetova
wta,Kulambayeva Z.,214992,Zhibek Kulambayeva
wta,Kung L.,215259,Leonie Kung
wta,Kuznetsova S.,201320,Svetlana Kuznetsova
wta,Kvitova P.,201520,Petra Kvitova
wta,Lamens S.,215480,Suzan Lamens
wta,Lansere S.,216139,Sofya Lansere
wta,Lao D.,203398,Danielle Lao
wta,Lapko V.,214304,Vera Lapko
wta,Laskutova K.,215372,Ksenia Laskutova
wta,Lazaro A.,210622,Andrea Lazaro Garcia
wta,Lee C.Y.,221803,Carol Young Suh Lee
wta,Lee G.,211342,Gabriela Lee
wta,Leme Da Silva N.V.,267382,Nauhany Vitoria Leme Da Silva
wta,Lepchenko V.,201478,Varvara Lepchenko
wta,Lew Yan Foon A.,235159,Astrid Lew Yan Foon
wta,Li A.,215983,Ann Li
wta,Liang E.S.,215314,En Shuo Liang
wta,Linette M.,202663,Magda Linette
wta,Lisicki S.,201513,Sabine Lisicki
wta,Liu C.,214906,Claire Liu
wta,Liu F.,203578,Fangzhou Liu
wta,Liutova K.,269714,Kristina Liutova
wta,Lizarazo Y.,202464,Yuliana Lizarazo
wta,Lodikova D.,211809,Daria Lodikova
wta,Loeb J.,211222,Jamie Loeb
wta,Lovric P.,222458,Pia Lovric
wta,Lys E.,220332,Eva Lys
wta,Ma Y.,215946,Ye Xin Ma
wta,Makarova E.,221247,Ekaterina Makarova
wta,Maleckova J.,206335,Jesika Maleckova
wta,Malygina E.,216116,Elena Malygina
wta,Mandlik E.,216097,Elizabeth Mandlik
wta,Mansouri Y.,215588,Yasmine Mansouri
wta,Marcinko P.,238075,Petra Marcinko
wta,Maria T.,213583,Tatjana Maria
wta,Marino R.,201606,Rebecca Marino
wta,Maristany G.,215571,Guiomar Maristany Zuleta De Reales
wta,Martic P.,201549,Petra Martic
wta,Martincova T.,206124,Tereza Martincova
wta,Martinez Cirez C.,220781,Carlota Martinez Cirez
wta,Masarova R.,214119,Rebeka Masarova
wta,Mateas M.,215064,Maria Mateas
wta,Matoula M.,213657,Martha Matoula
wta,Mattek-Sands B.,201318,Bethanie Mattek Sands
wta,Mboko V.,239475,Victoria Mboko
wta,McNally C.,216083,Caty Mcnally
wta,Mchale C.,201539,Christina Mchale
wta,Mcnally C.,216083,Caty Mcnally
wta,Mediorreal A.V.,260848,Valentina Mediorreal Arias
wta,Mediorreal Arias V.,260848,Valentina Mediorreal Arias
wta,Melnikova M.,203379,Marina Melnikova
wta,Mendez S.,214191,Seone Mendez
wta,Mertens E.,210722,Elise Mertens
wta,Micic E.,239397,Elena Micic
wta,Middendorf J.,221190,Julia Middendorf
wta,Mikulskyte J.,212303,Justina Mikulskyte
wta,Min G.,202479,Grace Min
wta,Minella M.,201605,Mandy Minella
wta,Minnen G.,213889,Greet Minnen
wta,Miyazaki Y.,213908,Yuriko Miyazaki
wta,Mladenovic K.,201540,Kristina Mladenovic
wta,Monnet C.,220733,Carole Monnet
wta,Monroy Y.,214060,Yuliana Monroy
wta,Montgomery R.,221905,Robin Montgomery
wta,Moore T.,202478,Tara Moore
wta,Morderger Y.,211779,Yana Morderger
wta,Morvayova V.,215077,Viktoria Morvayova
wta,Mrdeza T.,202659,Tereza Mrdeza
wta,Muchova K.,214096,Karolina Muchova
wta,Muguruza G.,202469,Garbine Muguruza
wta,Muhammad A.,201534,Asia Muhammad
wta,Murray S.,202425,Samantha Murray
wta,Naef C.,232447,Celine Naef
wta,Nahimana S.,216367,Sada Nahimana
wta,Naito Y.,216044,Yuki Naito
wta,Naklo T.,220597,Thasaporn Naklo
wta,Nara K.,201597,Kurumi Nara
wta,Navarro E.,215613,Emma Navarro
wta,Ngounoue C.,238064,Clervie Ngounoue
wta,Niculescu M.,201512,Monica Niculescu
wta,Niemeier J.,215898,Jule Niemeier
wta,Noel A.,220440,Alexa Noel
wta,Noha Akugue N.,223333,Noma Noha Akugue
wta,Noskova L.,222328,Linda Noskova
wta,Nugroho P.,221187,Priska Madelyn Nugroho
wta,Nugroho P.M.,221187,Priska Madelyn Nugroho
wta,Nuudi M.,216119,Maileen Nuudi
wta,Okalova M.,214862,Martina Okalova
wta,Okamura K.,211846,Kyoka Okamura
wta,Oktiabreva A.,260765,Alisa Oktiabreva
wta,Oliynykova O.,220716,Oleksandra Oliynykova
wta,Olmos G.,205892,Giuliana Olmos
wta,Olyanovskaya V.,216179,Valeriya Olyanovskaya
wta,Ormaechea P.,202440,Paula Ormaechea
wta,Ortenzi J.,220446,Jazmin Ortenzi
wta,Osaka N.,211768,Naomi Osaka
wta,Osorio M.,215785,Camila Osorio
wta,Ostapenko J.,211533,Jelena Ostapenko
wta,Osuigwe W.,215992,Whitney Osuigwe
wta,Oz I.,213998,Ipek Oz
wta,Ozgen P.,201664,Pemra Ozgen
wta,Paganetti V.,260510,Vittoria Paganetti
wta,Palicova B.,223323,Barbora Palicova
wta,Paoletti M.,222396,Matilde Paoletti
wta,Paolini J.,211148,Jasmine Paolini
wta,Papamichail D.,202604,Despina Papamichail
wta,Paquet C.,203564,Chloe Paquet
wta,Pareja J.,264075,Julieta Pareja
wta,Park S.,216213,Sohyun Park
wta,Parks A.,219917,Alycia Parks
wta,Parrizas Diaz N.,203463,Nuria Parrizas Diaz
wta,Parry D.,220348,Diane Parry
wta,Pattinama Kerkhove L.,204246,Lesley Pattinama Kerkhove
wta,Pavlyuchenkova A.,201499,Anastasia Pavlyuchenkova
wta,Pedone G.,223410,Georgia Pedone
wta,Pegula J.,202468,Jessica Pegula
wta,Pera B.,211095,Bernarda Pera
wta,Perez E.,206391,Ellen Perez
wta,Perrin C.,202424,Conny Perrin
wta,Peterson R.,202490,Rebecca Peterson
wta,Petkovic A.,201492,Andrea Petkovic
wta,Pieri J.,213620,Jessica Pieri
wta,Pieri T.,214301,Tatiana Pieri
wta,Pigato L.,221354,Lisa Pigato
wta,Pigossi L.,206007,Laura Pigossi
wta,Pironkova T.,201450,Tsvetana Pironkova
wta,Piter K.,201565,Katarzyna Piter
wta,Plazas J.,216151,Jessica Plazas
wta,Pliskova Ka.,201662,Karolina Pliskova
wta,Pliskova Kr.,201697,Kristyna Pliskova
wta,Podoroska N.,206408,Nadia Podoroska
wta,Podrez V.,247669,Veronika Podrez
wta,Pohankova M.,266376,Mia Pohankova
wta,Ponchet J.,211316,Jessika Ponchet
wta,Popa G.S.,267428,Giulia Safina Popa
wta,Potapova A.,215713,Anastasia Potapova
wta,Preston T.,223194,Taylah Preston
wta,Pridankina E.,239389,Elena Pridankina
wta,Prisacariu A.,214653,Andreea Prisacariu
wta,Prozorova T.,236955,Tatiana Prozorova
wta,Puig M.,201620,Monica Puig
wta,Putintseva Y.,201709,Yulia Putintseva
wta,Quevedo K.,259733,Kaitlin Quevedo
wta,Radisic N.,220713,Nika Radisic
wta,Radivojevic L.,236957,Lola Radivojevic
wta,Raducanu E.,221054,Emma Raducanu
wta,Radwanska U.,201524,Urszula Radwanska
wta,Raina A.,206102,Ankita Raina
wta,Rajecki A.,221945,Amelia Rajecki
wta,Rajeshwaran Revathi M.,266722,Maaya Rajeshwaran Revathi
wta,Rakhimova K.,215872,Kamilla Rakhimova
wta,Rakotomanga Rajaonah T.,239456,Tiantsoa Sarah Rakotomanga Rajaonah
wta,Rapolu M.,222837,Malaika Rapolu
wta,Ren Y.,260913,Yufei Ren
wta,Reyngold E.,221395,Ekaterina Reyngold
wta,Riera J.,220699,Julia Riera
wta,Riske A.,201590,Alison Riske Amritraj
wta,Riske-Amritraj A.,201590,Alison Riske Amritraj
wta,Ristic M.,239392,Mia Ristic
wta,Robbe A.,215806,Alice Robbe
wta,Rodina E.,201516,Evgeniya Rodina
wta,Rodionova Ar.,201613,Arina Rodionova
wta,Rodriguez V.,211874,Victoria Rodriguez
wta,Rogers A.S.,222189,Anna Sinclair Rogers
wta,Rogers S.,201603,Shelby Rogers
wta,Romero Gormaz L.,220742,Leyre Romero Gormaz
wta,Rosatello C.,202662,Camilla Rosatello
wta,Routliffe E.,203562,Erin Routliffe
wta,Rouvroy M.,221191,Margaux Rouvroy
wta,Ruggeri J.,221411,Jennifer Ruggeri
wta,Rus A.,201551,Arantxa Rus
wta,Ruse E-G.,211817,Elena Gabriela Ruse
wta,Ruse E.G.,211817,Elena Gabriela Ruse
wta,Ruzic A.,222045,Antonia Ruzic
wta,Rybakina E.,214981,Elena Rybakina
wta,Sabalenka A.,214544,Aryna Sabalenka
wta,Saigo R.,221099,Rina Saigo
wta,Saito S.,260170,Sara Saito
wta,Sakatsume H.,221124,Himeno Sakatsume
wta,Sakellaridi S.,220364,Sapfo Sakellaridi
wta,Sakkari M.,206289,Maria Sakkari
wta,Salkova D.,222966,Dominika Salkova
wta,Samson L.,266671,Laura Samson
wta,Samsonova L.,214643,Liudmila Samsonova
wta,Samudio A.,221501,Antonia Samudio
wta,Sanchez A.S.,204419,Ana Sofia Sanchez
wta,Sanchez Uribe M.J.,263775,Maria Jose Sanchez Uribe
wta,Sanders S.,270142,Sophia Sanders
wta,Sasnovich A.,205925,Aliaksandra Sasnovich
wta,Saville D.,201611,Daria Saville
wta,Savinykh V.,202443,Valeria Savinykh
wta,Sawangkaew M.,216566,Mananchaya Sawangkaew
wta,Schmiedlova A.,203533,Anna Karolina Schmiedlova
wta,Schunk N.,221768,Nastasja Schunk
wta,Schuurs D.,204376,Demi Schuurs
wta,Scott K.,221512,Katrina Scott
wta,Sebov K.,214684,Katherine Sebov
wta,Seguel D.,206037,Daniela Seguel
wta,Seidel E.,230870,Ella Seidel
wta,Selekhmeteva O.,221407,Oksana Selekhmeteva
wta,Semenistaja D.,221985,Darja Semenistaja
wta,Serban R.,213779,Raluka Serban
wta,Sevastova A.,201545,Anastasija Sevastova
wta,Sharma A.,206292,Astra Sharma
wta,Sherif M.,210886,Mayar Sherif
wta,Shi H.,222559,Han Shi
wta,Shibahara E.,214262,Ena Shibahara
wta,Shimizu A.,215550,Ayano Shimizu
wta,Shinikova I.,202688,Isabella Shinikova
wta,Shnaider D.,223670,Diana Shnaider
wta,Shvedova Y.,201468,Yaroslava Shvedova
wta,Shymanovich I.,213576,Iryna Shymanovich
wta,Sidorova K.,260006,Kristiana Sidorova
wta,Siegemund L.,201696,Laura Siegemund
wta,Sierra S.,221333,Solana Sierra
wta,Silva E.,211432,Eden Silva
wta,Siniakova K.,211701,Katerina Siniakova
wta,Siskova A.,216074,Anna Siskova
wta,Smitkova T.,202702,Tereza Smitkova
wta,Snigur D.,220750,Daria Snigur
wta,Soboleva A.,222506,Anastasiya Soboleva
wta,Sonmez Z.,220309,Zeynep Sonmez
wta,Sonobe W.,259883,Wakana Sonobe
wta,Sorribes Tormo S.,204427,Sara Sorribes Tormo
wta,Spiteri D.,214919,Dalila Spiteri
wta,Sramkova R.,211685,Rebecca Sramkova
wta,Stakusic M.,222233,Marina Stakusic
wta,Starodubtseva Y.,263857,Yuliia Starodubtseva
wta,Stearns P.,220548,Peyton Stearns
wta,Stefanini L.,214593,Lucrezia Stefanini
wta,Steiner V.,260296,Valentina Steiner
wta,Stephens S.,201585,Sloane Stephens
wta,Stevanovic N.,210337,Natalija Stevanovic
wta,Stoiana M.,223168,Mary Stoiana
wta,Stojanovic N.,211411,Nina Stojanovic
wta,Stojsavljevic M.,261963,Mika Stojsavljevic
wta,Stollar F.,214541,Fanny Stollar
wta,Stosur S.,201325,Samantha Stosur
wta,Strakhova V.,211063,Valeriya Strakhova
wta,Strycova B.,201366,Barbora Strycova
wta,Stusek J.,260847,Julia Stusek
wta,Suarez Navarro C.,201521,Carla Suarez Navarro
wta,Sugnaux T.,206175,Tess Sugnaux
wta,Sun L.,215138,Lulu Sun
wta,Sutjiadi A.,210738,Aldila Sutjiadi
wta,Svitolina E.,202494,Elina Svitolina
wta,Swan K.,215042,Katie Swan
wta,Swiatek I.,216347,Iga Swiatek
wta,Szabanin N.,222259,Natalia Szabanin
wta,Tagger L.,260172,Lilli Tagger
wta,Tan H.,211552,Harmony Tan
wta,Tararudee L.,222290,Lanlana Tararudee
wta,Tauson C.,220704,Clara Tauson
wta,Teichmann J.,213525,Jil Teichmann
wta,Thandi K.,214694,Karman Thandi
wta,Tian F.,221885,Fangran Tian
wta,Tig P.M.,206255,Patricia Maria Tig
wta,Tikhonova A.,221073,Anastasia Tikhonova
wta,Timofeeva M.,221237,Maria Timofeeva
wta,Tjandramulia O.,211881,Olivia Tjandramulia
wta,Tjen J.,222145,Janice Tjen
wta,Tkacheva M.,221086,Mariia Tkacheva
wta,Todoni A.,223331,Anca Alexia Todoni
wta,Tomljanovic A.,201548,Ajla Tomljanovic
wta,Tomova V.,202600,Viktoriya Tomova
wta,Tona M.,210847,Miriana Tona
wta,Topalova G.,215566,Gergana Topalova
wta,Torres Murcia M.C.,222000,Maria Camila Torres Murcia
wta,Toth A.,221004,Amarissa Kiara Toth
wta,Townsend T.,203501,Taylor Townsend
wta,Trevisan M.,203354,Martina Trevisan
wta,Tsurenko L.,201615,Lesia Tsurenko
wta,Tubello A.,220554,Alice Tubello
wta,Turati B.,213926,Bianca Turati
wta,Uchijima M.,220416,Moyuka Uchijima
wta,Udvardy P.,215910,Panna Udvardy
wta,Urgesi F.,223415,Federica Urgesi
wta,Urhobo A.,259857,Akasha Urhobo
wta,Valdmannova V.,260203,Vendula Valdmannova
wta,Valentova T.,238184,Tereza Valentova
wta,Van Uytvanck A.,202421,Alison Van Uytvanck
wta,Van den Broek I.L.,264227,Isis Louise Van Den Broek
wta,Vandeweghe C.,201535,Coco Vandeweghe
wta,Vandewinkel H.,243420,Hanne Vandewinkel
wta,Vedder E.,220770,Eva Vedder
wta,Vekic D.,202499,Donna Vekic
wta,Vesnina E.,201455,Elena Vesnina
wta,Vicens Mas R.,215798,Rosa Vicens Mas
wta,Vickery S.,203500,Sachia Vickery
wta,Vidmanova D.,221307,Darja Vidmanova
wta,Vikhlyantseva N.,212001,Natalia Vikhlyantseva
wta,Voegele S.,201527,Stefanie Voegele
wta,Volynets K.,220465,Katie Volynets
wta,Von Deichmann K.,210303,Kathinka Von Deichmann
wta,Vondrousova M.,214954,Marketa Vondrousova
wta,Vrancken Peeters A.,259758,Anouck Vrancken Peeters
wta,Wagner S.,204309,Stephanie Wagner
wta,Waltert S.,215899,Simona Waltert
wta,Wang M.,216062,Meiling Wang
wta,Wang Q.,202492,Qiang Wang
wta,Wang Xin.,216133,Xin Yu Wang
wta,Wang Xiy.,216016,Xiyu Wang
wta,Wang Y.,206374,Yafan Wang
wta,Watson H.,201586,Heather Watson
wta,Wei S.,221096,Sijia Wei
wta,Werner C.,225391,Chris Werner
wta,Wickmayer Y.,201518,Yanina Wickmayer
wta,Williams S.,200033,Serena Williams
wta,Williams V.,200748,Venus Williams
wta,Wolff V.,215386,Vivian Wolff
wta,Wozniacki C.,201496,Caroline Wozniacki
wta,Wu H.C.,211208,Ho Ching Wu
wta,Wurth T.,223087,Tara Wurth
wta,Xu M.,259685,Mingge Xu
wta,Yamaguchi M.,215614,Mei Yamaguchi
wta,Yamalapalli S.,246481,Sahaja Yamalapalli
wta,Yang V.,223159,Vivian Yang
wta,Yang Y.,222390,Ya Yi Yang
wta,Yang Zha.,206107,Zhaoxuan Yang
wta,Yao X.,252587,Xinxin Yao
wta,Yashina E.,202672,Ekaterina Yashina
wta,Yastremska D.,215035,Dayana Yastremska
wta,You X.,214646,Xiaodi You
wta,Yu E.,222081,Eleana Yu
wta,Yuan Y.,206294,Yue Yuan
wta,Zaar L.,221369,Lisa Zaar
wta,Zacarias M.,204420,Marcela Zacarias
wta,Zaja A.,205723,Anna Zaja
wta,Zakharova A.,220435,Anastasia Zakharova
wta,Zanevska M.,202628,Maryna Zanevska
wta,Zantedeschi A.,215878,Aurora Zantedeschi
wta,Zarazua R.,213887,Renata Zarazua
wta,Zavatska K.,215290,Katarina Zavatska
wta,Zhang R.,263869,Ruien Zhang
wta,Zhang S.,201533,Shuai Zhang
wta,Zhao C.,203475,Carol Zhao
wta,Zheng Q.,221012,Qinwen Zheng
wta,Zheng S.,202453,Saisai Zheng
wta,Zheng W.,213821,Wushuang Zheng
wta,Zhu C.,264064,Chenting Zhu
wta,Zhu L.,202684,Lin Zhu
wta,Zidansek T.,214461,Tamara Zidansek
wta,Zucchini A.,222369,Arianna Zucchini
wta,Zuger J.,215111,Joanne Zuger
wta,Zvonareva V.,201329,Vera Zvonareva
