tour,season,name,tier,td_name
atp,2009,Acapulco,500,Abierto Mexicano
atp,2009,Auckland,250,Heineken Open
atp,2009,Bangkok,250,Thailand Open
atp,2009,Barcelona,500,Open Banco Sabadell
atp,2009,Basel,500,Davidoff Swiss Indoors
atp,2009,Bastad,250,Catella Swedish Open
atp,2009,Beijing,500,China Open
atp,2009,Belgrade,250,Serbia Open
atp,2009,Brisbane,250,Brisbane International
atp,2009,Bucharest,250,Open Romania
atp,2009,Buenos Aires,250,Copa Telmex
atp,2009,Canada Masters,1000,Rogers Masters
atp,2009,Casablanca,250,Grand Prix Hassan II
atp,2009,Chennai,250,Chennai Open
atp,2009,Cincinnati Masters,1000,Western & Southern Financial Group Masters
atp,2009,Costa Do Sauipe,250,Brasil Open
atp,2009,Delray Beach,250,International Championships
atp,2009,Doha,250,Qatar Exxon Mobil Open
atp,2009,Dubai,500,Dubai Tennis Championships
atp,2009,Eastbourne,250,AEGON International
atp,2009,Estoril,250,Estoril Open
atp,2009,Gstaad,250,Allianz Suisse Open
atp,2009,Halle,250,Gerry Weber Open
atp,2009,Hamburg,500,International German Open
atp,2009,Houston,250,U.S. Men's Clay Court Championships
atp,2009,Indian Wells Masters,1000,BNP Paribas Open
atp,2009,Indianapolis,250,Indianapolis Tennis Championships
atp,2009,Johannesburg,250,SA Tennis Open
atp,2009,Kitzbuhel,250,Austrian Open
atp,2009,Kuala Lumpur,250,Proton Malaysian Open
atp,2009,Los Angeles,250,LA Tennis Open
atp,2009,Lyon,250,Grand Prix de Lyon
atp,2009,Madrid Masters,1000,Mutua Madrileña Madrid Open
atp,2009,Marseille,250,Open 13
atp,2009,Memphis,250,Regions Morgan Keegan Championships
atp,2009,Metz,250,Open de Moselle
atp,2009,Miami Masters,1000,Sony Ericsson Open
atp,2009,Monte Carlo Masters,1000,Monte Carlo Masters
atp,2009,Moscow,250,Kremlin Cup
atp,2009,Munich,250,BMW Open
atp,2009,New Haven,250,Pilot Pen Tennis
atp,2009,Newport,250,Hall of Fame Championships
atp,2009,Paris Masters,1000,BNP Paribas Masters
atp,2009,Queen's Club,250,AEGON Championships
atp,2009,Rome Masters,1000,Internazionali BNL d'Italia
atp,2009,Rotterdam,500,ABN AMRO World Tennis Tournament
atp,2009,San Jose,250,SAP Open
atp,2009,Shanghai Masters,1000,Shanghai Masters
atp,2009,St. Petersburg,250,St. Petersburg Open
atp,2009,Stockholm,250,Stockholm Open
atp,2009,Stuttgart,250,Mercedes Cup
atp,2009,Sydney,250,Medibank International
atp,2009,Tokyo,500,Rakuten Japan Open Tennis Championships
atp,2009,Umag,250,Studena Croatia Open
atp,2009,Valencia,500,Valencia Open 500
atp,2009,Vienna,250,BA-CA Tennis Trophy
atp,2009,Vina del Mar,250,Movistar Open
atp,2009,Washington,500,Legg Mason Classic
atp,2009,Zagreb,250,PBZ Zagreb Indoors
atp,2009,s Hertogenbosch,250,Ordina Open
atp,2010,Acapulco,500,Abierto Mexicano
atp,2010,Atlanta,250,Atlanta Tennis Championships
atp,2010,Auckland,250,Heineken Open
atp,2010,Bangkok,250,Thailand Open
atp,2010,Barcelona,500,Open Banco Sabadell
atp,2010,Basel,500,Swiss Indoors
atp,2010,Bastad,250,SkiStar Swedish Open
atp,2010,Beijing,500,China Open
atp,2010,Belgrade,250,Serbia Open
atp,2010,Brisbane,250,Brisbane International
atp,2010,Bucharest,250,Open Romania
atp,2010,Buenos Aires,250,Copa Telmex
atp,2010,Canada Masters,1000,Rogers Masters
atp,2010,Casablanca,250,Grand Prix Hassan II
atp,2010,Chennai,250,Chennai Open
atp,2010,Cincinnati Masters,1000,Western & Southern Financial Group Masters
atp,2010,Costa Do Sauipe,250,Brasil Open
atp,2010,Delray Beach,250,International Championships
atp,2010,Doha,250,Qatar Exxon Mobil Open
atp,2010,Dubai,500,Dubai Tennis Championships
atp,2010,Eastbourne,250,AEGON International
atp,2010,Estoril,250,Estoril Open
atp,2010,Gstaad,250,Allianz Suisse Open
atp,2010,Halle,250,Gerry Weber Open
atp,2010,Hamburg,500,German Open Tennis Championships
atp,2010,Houston,250,U.S. Men's Clay Court Championships
atp,2010,Indian Wells Masters,1000,BNP Paribas Open
atp,2010,Johannesburg,250,SA Tennis Open
atp,2010,Kuala Lumpur,250,Proton Malaysian Open
atp,2010,Los Angeles,250,Farmers Classic
atp,2010,Madrid Masters,1000,Mutua Madrileña Madrid Open
atp,2010,Marseille,250,Open 13
atp,2010,Memphis,500,Regions Morgan Keegan Championships
atp,2010,Metz,250,Open de Moselle
atp,2010,Miami Masters,1000,Sony Ericsson Open
atp,2010,Monte Carlo Masters,1000,Monte Carlo Masters
atp,2010,Montpellier,250,Open Sud de France
atp,2010,Moscow,250,Kremlin Cup
atp,2010,Munich,250,BMW Open
atp,2010,New Haven,250,Pilot Pen Tennis
atp,2010,Newport,250,Hall of Fame Championships
atp,2010,Nice,250,Open de Nice Côte d’Azur
atp,2010,Paris Masters,1000,BNP Paribas Masters
atp,2010,Queen's Club,250,AEGON Championships
atp,2010,Rome Masters,1000,Internazionali BNL d'Italia
atp,2010,Rotterdam,500,ABN AMRO World Tennis Tournament
atp,2010,San Jose,250,SAP Open
atp,2010,Santiago,250,Movistar Open
atp,2010,Shanghai Masters,1000,Shanghai Masters
atp,2010,St. Petersburg,250,St. Petersburg Open
atp,2010,Stockholm,250,Stockholm Open
atp,2010,Stuttgart,250,Mercedes Cup
atp,2010,Sydney,250,Medibank International
atp,2010,Tokyo,500,Rakuten Japan Open Tennis Championships
atp,2010,Umag,250,Studena Croatia Open
atp,2010,Valencia,500,Valencia Open 500
atp,2010,Vienna,250,BA-CA Tennis Trophy
atp,2010,Washington,500,Legg Mason Classic
atp,2010,Zagreb,250,PBZ Zagreb Indoors
atp,2010,s Hertogenbosch,250,Unicef Open
atp,2011,Acapulco,500,Abierto Mexicano
atp,2011,Atlanta,250,Atlanta Tennis Championships
atp,2011,Auckland,250,Heineken Open
atp,2011,Bangkok,250,Thailand Open
atp,2011,Barcelona,500,Open Banco Sabadell
atp,2011,Basel,500,Swiss Indoors
atp,2011,Bastad,250,SkiStar Swedish Open
atp,2011,Beijing,500,China Open
atp,2011,Belgrade,250,Serbia Open
atp,2011,Brisbane,250,Brisbane International
atp,2011,Bucharest,250,Open Romania
atp,2011,Buenos Aires,250,Copa Claro
atp,2011,Canada Masters,1000,Rogers Masters
atp,2011,Casablanca,250,Grand Prix Hassan II
atp,2011,Chennai,250,Chennai Open
atp,2011,Cincinnati Masters,1000,Western & Southern Financial Group Masters
atp,2011,Costa Do Sauipe,250,Brasil Open
atp,2011,Delray Beach,250,International Championships
atp,2011,Doha,250,Qatar Exxon Mobil Open
atp,2011,Dubai,500,Dubai Tennis Championships
atp,2011,Eastbourne,250,AEGON International
atp,2011,Estoril,250,Estoril Open
atp,2011,Gstaad,250,Allianz Suisse Open
atp,2011,Halle,250,Gerry Weber Open
atp,2011,Hamburg,500,German Open Tennis Championships
atp,2011,Houston,250,U.S. Men's Clay Court Championships
atp,2011,Indian Wells Masters,1000,BNP Paribas Open
atp,2011,Johannesburg,250,SA Tennis Open
atp,2011,Kitzbuhel,250,Bet-At-Home Cup
atp,2011,Kuala Lumpur,250,Malaysian Open
atp,2011,Los Angeles,250,Farmers Classic
atp,2011,Madrid Masters,1000,Mutua Madrileña Madrid Open
atp,2011,Marseille,250,Open 13
atp,2011,Memphis,500,Regions Morgan Keegan Championships
atp,2011,Metz,250,Open de Moselle
atp,2011,Miami Masters,1000,Sony Ericsson Open
atp,2011,Monte Carlo Masters,1000,Monte Carlo Masters
atp,2011,Moscow,250,Kremlin Cup
atp,2011,Munich,250,BMW Open
atp,2011,Newport,250,Hall of Fame Championships
atp,2011,Nice,250,Open de Nice Côte d’Azur
atp,2011,Paris Masters,1000,BNP Paribas Masters
atp,2011,Queen's Club,250,AEGON Championships
atp,2011,Rome Masters,1000,Internazionali BNL d'Italia
atp,2011,Rotterdam,500,ABN AMRO World Tennis Tournament
atp,2011,San Jose,250,SAP Open
atp,2011,Santiago,250,Movistar Open
atp,2011,Shanghai Masters,1000,Shanghai Masters
atp,2011,St. Petersburg,250,St. Petersburg Open
atp,2011,Stockholm,250,Stockholm Open
atp,2011,Stuttgart,250,Mercedes Cup
atp,2011,Sydney,250,Medibank International
atp,2011,Tokyo,500,Rakuten Japan Open Tennis Championships
atp,2011,Umag,250,Studena Croatia Open
atp,2011,Valencia,500,Valencia Open 500
atp,2011,Vienna,250,Erste Bank Open
atp,2011,Washington,500,Legg Mason Classic
atp,2011,Winston-Salem,250,Winston-Salem Open at Wake Forest University
atp,2011,Zagreb,250,PBZ Zagreb Indoors
atp,2011,s Hertogenbosch,250,Unicef Open
atp,2012,Acapulco,500,Abierto Mexicano
atp,2012,Atlanta,250,BB&T Atlanta Open
atp,2012,Auckland,250,Heineken Open
atp,2012,Bangkok,250,Thailand Open
atp,2012,Barcelona,500,Open Banco Sabadell
atp,2012,Basel,500,Swiss Indoors
atp,2012,Bastad,250,SkiStar Swedish Open
atp,2012,Beijing,500,China Open
atp,2012,Belgrade,250,Serbia Open
atp,2012,Brisbane,250,Brisbane International
atp,2012,Bucharest,250,BRD Nastase Tiriac Trophy
atp,2012,Buenos Aires,250,Copa Claro
atp,2012,Canada Masters,1000,Rogers Masters
atp,2012,Casablanca,250,Grand Prix Hassan II
atp,2012,Chennai,250,Chennai Open
atp,2012,Cincinnati Masters,1000,Western & Southern Financial Group Masters
atp,2012,Delray Beach,250,International Championships
atp,2012,Doha,250,Qatar Exxon Mobil Open
atp,2012,Dubai,500,Dubai Tennis Championships
atp,2012,Eastbourne,250,AEGON International
atp,2012,Estoril,250,Estoril Open
atp,2012,Gstaad,250,Crédit Agricole Suisse Open Gstaad
atp,2012,Halle,250,Gerry Weber Open
atp,2012,Hamburg,500,German Open Tennis Championships
atp,2012,Houston,250,U.S. Men's Clay Court Championships
atp,2012,Indian Wells Masters,1000,BNP Paribas Open
atp,2012,Kitzbuhel,250,Bet-At-Home Cup
atp,2012,Kuala Lumpur,250,Malaysian Open
atp,2012,Los Angeles,250,Farmers Classic
atp,2012,Madrid Masters,1000,Mutua Madrid Open
atp,2012,Marseille,250,Open 13
atp,2012,Memphis,500,Regions Morgan Keegan Championships
atp,2012,Metz,250,Open de Moselle
atp,2012,Miami Masters,1000,Sony Ericsson Open
atp,2012,Monte Carlo Masters,1000,Monte Carlo Masters
atp,2012,Montpellier,250,Open Sud de France
atp,2012,Moscow,250,Kremlin Cup
atp,2012,Munich,250,BMW Open
atp,2012,Newport,250,Hall of Fame Championships
atp,2012,Nice,250,Open de Nice Côte d’Azur
atp,2012,Paris Masters,1000,BNP Paribas Masters
atp,2012,Queen's Club,250,AEGON Championships
atp,2012,Rome Masters,1000,Internazionali BNL d'Italia
atp,2012,Rotterdam,500,ABN AMRO World Tennis Tournament
atp,2012,San Jose,250,SAP Open
atp,2012,Santiago,250,VTR Open
atp,2012,Sao Paulo,250,Brasil Open
atp,2012,Shanghai Masters,1000,Shanghai Masters
atp,2012,St. Petersburg,250,St. Petersburg Open
atp,2012,Stockholm,250,Stockholm Open
atp,2012,Stuttgart,250,Mercedes Cup
atp,2012,Sydney,250,Apia International
atp,2012,Tokyo,500,Rakuten Japan Open Tennis Championships
atp,2012,Umag,250,ATP Vegeta Croatia Open
atp,2012,Valencia,500,Valencia Open 500
atp,2012,Vienna,250,Erste Bank Open
atp,2012,Washington,500,Citi Open
atp,2012,Winston-Salem,250,Winston-Salem Open at Wake Forest University
atp,2012,Zagreb,250,PBZ Zagreb Indoors
atp,2012,s Hertogenbosch,250,Unicef Open
atp,2013,Acapulco,500,Abierto Mexicano
atp,2013,Atlanta,250,BB&T Atlanta Open
atp,2013,Auckland,250,Heineken Open
atp,2013,Bangkok,250,Thailand Open
atp,2013,Barcelona,500,Open Banco Sabadell
atp,2013,Basel,500,Swiss Indoors
atp,2013,Bastad,250,SkiStar Swedish Open
atp,2013,Beijing,500,China Open
atp,2013,Brisbane,250,Brisbane International
atp,2013,Bucharest,250,BRD Nastase Tiriac Trophy
atp,2013,Buenos Aires,250,Copa Claro
atp,2013,Canada Masters,1000,Rogers Masters
atp,2013,Casablanca,250,Grand Prix Hassan II
atp,2013,Chennai,250,Chennai Open
atp,2013,Cincinnati Masters,1000,Western & Southern Financial Group Masters
atp,2013,Delray Beach,250,International Championships
atp,2013,Doha,250,Qatar Exxon Mobil Open
atp,2013,Dubai,500,Dubai Tennis Championships
atp,2013,Dusseldorf,250,Power Horse Cup
atp,2013,Eastbourne,250,AEGON International
atp,2013,Estoril,250,Portugal Open
atp,2013,Gstaad,250,Crédit Agricole Suisse Open Gstaad
atp,2013,Halle,250,Gerry Weber Open
atp,2013,Hamburg,500,German Open Tennis Championships
atp,2013,Houston,250,U.S. Men's Clay Court Championships
atp,2013,Indian Wells Masters,1000,BNP Paribas Open
atp,2013,Kitzbuhel,250,Bet-At-Home Cup
atp,2013,Kuala Lumpur,250,Malaysian Open
atp,2013,Madrid Masters,1000,Mutua Madrid Open
atp,2013,Marseille,250,Open 13
atp,2013,Memphis,500,U.S. National Indoor Tennis Championships
atp,2013,Metz,250,Open de Moselle
atp,2013,Miami Masters,1000,Sony Ericsson Open
atp,2013,Monte Carlo Masters,1000,Monte Carlo Masters
atp,2013,Montpellier,250,Open Sud de France
atp,2013,Moscow,250,Kremlin Cup
atp,2013,Munich,250,BMW Open
atp,2013,Newport,250,Hall of Fame Championships
atp,2013,Nice,250,Open de Nice Côte d’Azur
atp,2013,Paris Masters,1000,BNP Paribas Masters
atp,2013,Queen's Club,250,AEGON Championships
atp,2013,Rome Masters,1000,Internazionali BNL d'Italia
atp,2013,Rotterdam,500,ABN AMRO World Tennis Tournament
atp,2013,San Jose,250,SAP Open
atp,2013,Santiago,250,VTR Open
atp,2013,Sao Paulo,250,Brasil Open
atp,2013,Shanghai Masters,1000,Shanghai Masters
atp,2013,St. Petersburg,250,St. Petersburg Open
atp,2013,Stockholm,250,Stockholm Open
atp,2013,Stuttgart,250,Mercedes Cup
atp,2013,Sydney,250,Apia International
atp,2013,Tokyo,500,Rakuten Japan Open Tennis Championships
atp,2013,Umag,250,ATP Vegeta Croatia Open
atp,2013,Valencia,500,Valencia Open 500
atp,2013,Vienna,250,Erste Bank Open
atp,2013,Washington,500,Citi Open
atp,2013,Winston-Salem,250,Winston-Salem Open at Wake Forest University
atp,2013,Zagreb,250,PBZ Zagreb Indoors
atp,2013,s Hertogenbosch,250,Topshelf Open
atp,2014,Acapulco,500,Abierto Mexicano
atp,2014,Atlanta,250,BB&T Atlanta Open
atp,2014,Auckland,250,Heineken Open
atp,2014,Barcelona,500,Open Banco Sabadell
atp,2014,Basel,500,Swiss Indoors
atp,2014,Bastad,250,SkiStar Swedish Open
atp,2014,Beijing,500,China Open
atp,2014,Brisbane,250,Brisbane International
atp,2014,Bucharest,250,BRD Nastase Tiriac Trophy
atp,2014,Buenos Aires,250,Copa Claro
atp,2014,Canada Masters,1000,Rogers Masters
atp,2014,Casablanca,250,Grand Prix Hassan II
atp,2014,Chennai,250,Chennai Open
atp,2014,Cincinnati Masters,1000,Western & Southern Financial Group Masters
atp,2014,Delray Beach,250,Delray Beach Open
atp,2014,Doha,250,Qatar Exxon Mobil Open
atp,2014,Dubai,500,Dubai Tennis Championships
atp,2014,Dusseldorf,250,Dusseldorf Open
atp,2014,Eastbourne,250,AEGON International
atp,2014,Estoril,250,Portugal Open
atp,2014,Gstaad,250,Crédit Agricole Suisse Open Gstaad
atp,2014,Halle,250,Gerry Weber Open
atp,2014,Hamburg,500,bet-at-home Open
atp,2014,Houston,250,U.S. Men's Clay Court Championships
atp,2014,Indian Wells Masters,1000,BNP Paribas Open
atp,2014,Kitzbuhel,250,Bet-At-Home Cup
atp,2014,Kuala Lumpur,250,Malaysian Open
atp,2014,Madrid Masters,1000,Mutua Madrid Open
atp,2014,Marseille,250,Open 13
atp,2014,Memphis,250,U.S. National Indoor Tennis Championships
atp,2014,Metz,250,Open de Moselle
atp,2014,Miami Masters,1000,Sony Ericsson Open
atp,2014,Monte Carlo Masters,1000,Monte Carlo Masters
atp,2014,Montpellier,250,Open Sud de France
atp,2014,Moscow,250,Kremlin Cup
atp,2014,Munich,250,BMW Open
atp,2014,Newport,250,Hall of Fame Championships
atp,2014,Nice,250,Open de Nice Côte d’Azur
atp,2014,Paris Masters,1000,BNP Paribas Masters
atp,2014,Queen's Club,250,AEGON Championships
atp,2014,Rio de Janeiro,500,Rio Open
atp,2014,Rome Masters,1000,Internazionali BNL d'Italia
atp,2014,Rotterdam,500,ABN AMRO World Tennis Tournament
atp,2014,Sao Paulo,250,Brasil Open
atp,2014,Shanghai Masters,1000,Shanghai Masters
atp,2014,Shenzhen,250,Shenzhen Open
atp,2014,Stockholm,250,Stockholm Open
atp,2014,Stuttgart,250,Mercedes Cup
atp,2014,Sydney,250,Apia International
atp,2014,Tokyo,500,Rakuten Japan Open Tennis Championships
atp,2014,Umag,250,ATP Vegeta Croatia Open
atp,2014,Valencia,500,Valencia Open 500
atp,2014,Vienna,250,Erste Bank Open
atp,2014,Vina del Mar,250,Royal Guard Open Chile
atp,2014,Washington,500,Citi Open
atp,2014,Winston-Salem,250,Winston-Salem Open at Wake Forest University
atp,2014,Zagreb,250,PBZ Zagreb Indoors
atp,2014,s Hertogenbosch,250,Topshelf Open
atp,2015,Acapulco,500,Abierto Mexicano
atp,2015,Atlanta,250,BB&T Atlanta Open
atp,2015,Auckland,250,Heineken Open
atp,2015,Barcelona,500,Open Banco Sabadell
atp,2015,Basel,500,Swiss Indoors
atp,2015,Bastad,250,SkiStar Swedish Open
atp,2015,Beijing,500,China Open
atp,2015,Brisbane,250,Brisbane International
atp,2015,Bucharest,250,BRD Nastase Tiriac Trophy
atp,2015,Buenos Aires,250,Argentina Open
atp,2015,Canada Masters,1000,Rogers Masters
atp,2015,Casablanca,250,Grand Prix Hassan II
atp,2015,Chennai,250,Chennai Open
atp,2015,Cincinnati Masters,1000,Western & Southern Financial Group Masters
atp,2015,Delray Beach,250,Delray Beach Open
atp,2015,Doha,250,Qatar Exxon Mobil Open
atp,2015,Dubai,500,Dubai Tennis Championships
atp,2015,Estoril,250,Millenium Estoril Open
atp,2015,Geneva,250,Geneva Open
atp,2015,Gstaad,250,Suisse Open Gstaad
atp,2015,Halle,500,Gerry Weber Open
atp,2015,Hamburg,500,bet-at-home Open
atp,2015,Houston,250,U.S. Men's Clay Court Championships
atp,2015,Indian Wells Masters,1000,BNP Paribas Open
atp,2015,Istanbul,250,Istanbul Open
atp,2015,Kitzbuhel,250,Generali Open
atp,2015,Kuala Lumpur,250,Malaysian Open
atp,2015,Madrid Masters,1000,Mutua Madrid Open
atp,2015,Marseille,250,Open 13
atp,2015,Memphis,250,Memphis Open
atp,2015,Metz,250,Open de Moselle
atp,2015,Miami Masters,1000,Sony Ericsson Open
atp,2015,Monte Carlo Masters,1000,Monte Carlo Masters
atp,2015,Montpellier,250,Open Sud de France
atp,2015,Moscow,250,Kremlin Cup
atp,2015,Munich,250,BMW Open
atp,2015,Newport,250,Hall of Fame Championships
atp,2015,Nice,250,Open de Nice Côte d’Azur
atp,2015,Nottingham,500,AEGON Open
atp,2015,Paris Masters,1000,BNP Paribas Masters
atp,2015,Queen's Club,500,AEGON Championships
atp,2015,Quito,250,Ecuador Open
atp,2015,Rio de Janeiro,500,Rio Open
atp,2015,Rome Masters,1000,Internazionali BNL d'Italia
atp,2015,Rotterdam,500,ABN AMRO World Tennis Tournament
atp,2015,Sao Paulo,250,Brasil Open
atp,2015,Shanghai Masters,1000,Shanghai Masters
atp,2015,Shenzhen,250,Shenzhen Open
atp,2015,St. Petersburg,250,St. Petersburg Open
atp,2015,Stockholm,250,Stockholm Open
atp,2015,Stuttgart,250,Mercedes Cup
atp,2015,Sydney,250,Apia International
atp,2015,Tokyo,500,Rakuten Japan Open Tennis Championships
atp,2015,Umag,250,Konzum Croatia Open
atp,2015,Valencia,500,Valencia Open 500
atp,2015,Vienna,250,Erste Bank Open
atp,2015,Washington,500,Citi Open
atp,2015,Winston-Salem,250,Winston-Salem Open at Wake Forest University
atp,2015,Zagreb,250,PBZ Zagreb Indoors
atp,2015,s Hertogenbosch,250,Topshelf Open
atp,2016,Acapulco,500,Abierto Mexicano
atp,2016,Antwerp,250,European Open
atp,2016,Atlanta,250,BB&T Atlanta Open
atp,2016,Auckland,250,ASB Classic
atp,2016,Barcelona,500,Open Banco Sabadell
atp,2016,Basel,500,Swiss Indoors
atp,2016,Bastad,250,SkiStar Swedish Open
atp,2016,Beijing,500,China Open
atp,2016,Brisbane,250,Brisbane International
atp,2016,Bucharest,250,BRD Nastase Tiriac Trophy
atp,2016,Buenos Aires,250,Argentina Open
atp,2016,Canada Masters,1000,Rogers Masters
atp,2016,Chengdu,250,Chengdu Open
atp,2016,Chennai,250,Chennai Open
atp,2016,Cincinnati Masters,1000,Western & Southern Financial Group Masters
atp,2016,Delray Beach,250,Delray Beach Open
atp,2016,Doha,250,Qatar Exxon Mobil Open
atp,2016,Dubai,500,Dubai Tennis Championships
atp,2016,Estoril,250,Millenium Estoril Open
atp,2016,Geneva,250,Geneva Open
atp,2016,Gstaad,250,Suisse Open Gstaad
atp,2016,Halle,500,Gerry Weber Open
atp,2016,Hamburg,500,German Tennis Championships
atp,2016,Houston,250,U.S. Men's Clay Court Championships
atp,2016,Indian Wells Masters,1000,BNP Paribas Open
atp,2016,Istanbul,250,Istanbul Open
atp,2016,Kitzbuhel,250,Generali Open
atp,2016,Los Cabos,250,Abierto Mexicano Mifel
atp,2016,Madrid Masters,1000,Mutua Madrid Open
atp,2016,Marrakech,250,Grand Prix Hassan II
atp,2016,Marseille,250,Open 13
atp,2016,Memphis,250,Memphis Open
atp,2016,Metz,250,Open de Moselle
atp,2016,Miami Masters,1000,Sony Ericsson Open
atp,2016,Monte Carlo Masters,1000,Monte Carlo Masters
atp,2016,Montpellier,250,Open Sud de France
atp,2016,Moscow,250,Kremlin Cup
atp,2016,Munich,250,BMW Open
atp,2016,Newport,250,Hall of Fame Championships
atp,2016,Nice,250,Open de Nice Côte d’Azur
atp,2016,Nottingham,500,AEGON Open
atp,2016,Paris Masters,1000,BNP Paribas Masters
atp,2016,Queen's Club,500,AEGON Championships
atp,2016,Quito,250,Ecuador Open
atp,2016,Rio de Janeiro,500,Rio Open
atp,2016,Rome Masters,1000,Internazionali BNL d'Italia
atp,2016,Rotterdam,500,ABN AMRO World Tennis Tournament
atp,2016,Sao Paulo,250,Brasil Open
atp,2016,Shanghai Masters,1000,Shanghai Masters
atp,2016,Shenzhen,250,Shenzhen Open
atp,2016,Sofia,250,Garanti Koza Sofia Open
atp,2016,St. Petersburg,250,St. Petersburg Open
atp,2016,Stockholm,250,Stockholm Open
atp,2016,Stuttgart,250,Mercedes Cup
atp,2016,Sydney,250,Apia International
atp,2016,Tokyo,500,Rakuten Japan Open Tennis Championships
atp,2016,Umag,250,Konzum Croatia Open
atp,2016,Vienna,500,Erste Bank Open
atp,2016,Washington,500,Citi Open
atp,2016,Winston-Salem,250,Winston-Salem Open at Wake Forest University
atp,2016,s Hertogenbosch,250,Topshelf Open
atp,2017,Acapulco,500,Abierto Mexicano
atp,2017,Antalya,250,Antalya Open
atp,2017,Antwerp,250,European Open
atp,2017,Atlanta,250,BB&T Atlanta Open
atp,2017,Auckland,250,ASB Classic
atp,2017,Barcelona,500,Open Banco Sabadell 
atp,2017,Basel,500,Swiss Indoors
atp,2017,Bastad,250,SkiStar Swedish Open
atp,2017,Beijing,500,China Open
atp,2017,Brisbane,250,Brisbane International
atp,2017,Budapest,250,Gazprom Hungarian Open
atp,2017,Buenos Aires,250,Argentina Open
atp,2017,Canada Masters,1000,Rogers Masters
atp,2017,Chengdu,250,Chengdu Open
atp,2017,Chennai,250,Chennai Open
atp,2017,Cincinnati Masters,1000,Western & Southern Financial Group Masters
atp,2017,Delray Beach,250,Delray Beach Open
atp,2017,Doha,250,Qatar Exxon Mobil Open
atp,2017,Dubai,500,Dubai Tennis Championships
atp,2017,Eastbourne,250,AEGON International
atp,2017,Estoril,250,Millenium Estoril Open
atp,2017,Geneva,250,Geneva Open
atp,2017,Gstaad,250,Suisse Open Gstaad
atp,2017,Halle,500,Gerry Weber Open
atp,2017,Hamburg,500,German Tennis Championships
atp,2017,Houston,250,U.S. Men's Clay Court Championships
atp,2017,Indian Wells Masters,1000,BNP Paribas Open
atp,2017,Istanbul,250,Istanbul Open
atp,2017,Kitzbuhel,250,Generali Open
atp,2017,Los Cabos,250,Abierto Mexicano Mifel
atp,2017,Lyon,250,Lyon Open
atp,2017,Madrid Masters,1000,Mutua Madrid Open
atp,2017,Marrakech,250,Grand Prix Hassan II
atp,2017,Marseille,250,Open 13
atp,2017,Memphis,250,Memphis Open
atp,2017,Metz,250,Open de Moselle
atp,2017,Miami Masters,1000,Sony Ericsson Open
atp,2017,Monte Carlo Masters,1000,Monte Carlo Masters
atp,2017,Montpellier,250,Open Sud de France
atp,2017,Moscow,250,Kremlin Cup
atp,2017,Munich,250,BMW Open
atp,2017,Newport,250,Hall of Fame Championships
atp,2017,Paris Masters,1000,BNP Paribas Masters
atp,2017,Queen's Club,500,AEGON Championships
atp,2017,Quito,250,Ecuador Open
atp,2017,Rio de Janeiro,500,Rio Open
atp,2017,Rome Masters,1000,Internazionali BNL d'Italia
atp,2017,Rotterdam,500,ABN AMRO World Tennis Tournament
atp,2017,Sao Paulo,250,Brasil Open
atp,2017,Shanghai Masters,1000,Shanghai Masters
atp,2017,Shenzhen,250,Shenzhen Open
atp,2017,Sofia,250,Garanti Koza Sofia Open
atp,2017,St. Petersburg,250,St. Petersburg Open
atp,2017,Stockholm,250,Stockholm Open
atp,2017,Stuttgart,250,Mercedes Cup
atp,2017,Sydney,250,Apia International
atp,2017,Tokyo,500,Rakuten Japan Open Tennis Championships
atp,2017,Umag,250,Croatia Open
atp,2017,Vienna,500,Erste Bank Open
atp,2017,Washington,500,Citi Open
atp,2017,Winston-Salem,250,Winston-Salem Open at Wake Forest University
atp,2017,s Hertogenbosch,250,Ricoh Open
atp,2018,Acapulco,500,Abierto Mexicano
atp,2018,Antalya,250,Antalya Open
atp,2018,Antwerp,250,European Open
atp,2018,Atlanta,250,BB&T Atlanta Open
atp,2018,Auckland,250,ASB Classic
atp,2018,Barcelona,500,Open Banco Sabadell 
atp,2018,Basel,500,Swiss Indoors
atp,2018,Bastad,250,SkiStar Swedish Open
atp,2018,Beijing,500,China Open
atp,2018,Brisbane,250,Brisbane International
atp,2018,Budapest,250,Gazprom Hungarian Open
atp,2018,Buenos Aires,250,Argentina Open
atp,2018,Canada Masters,1000,Rogers Masters
atp,2018,Chengdu,250,Chengdu Open
atp,2018,Cincinnati Masters,1000,Western & Southern Financial Group Masters
atp,2018,Delray Beach,250,Delray Beach Open
atp,2018,Doha,250,Qatar Exxon Mobil Open
atp,2018,Dubai,500,Dubai Tennis Championships
atp,2018,Eastbourne,250,Eastbourne International
atp,2018,Estoril,250,Millennium Estoril Open
atp,2018,Geneva,250,Geneva Open
atp,2018,Gstaad,250,Suisse Open Gstaad
atp,2018,Halle,500,Gerry Weber Open
atp,2018,Hamburg,500,German Tennis Championships
atp,2018,Houston,250,U.S. Men's Clay Court Championships
atp,2018,Indian Wells Masters,1000,BNP Paribas Open
atp,2018,Istanbul,250,Istanbul Open
atp,2018,Kitzbuhel,250,Generali Open
atp,2018,Los Cabos,250,Abierto Mexicano Mifel
atp,2018,Lyon,250,Lyon Open
atp,2018,Madrid Masters,1000,Mutua Madrid Open
atp,2018,Marrakech,250,Grand Prix Hassan II
atp,2018,Marseille,250,Open 13
atp,2018,Metz,250,Open de Moselle
atp,2018,Miami Masters,1000,Sony Ericsson Open
atp,2018,Monte Carlo Masters,1000,Monte Carlo Masters
atp,2018,Montpellier,250,Open Sud de France
atp,2018,Moscow,250,Kremlin Cup
atp,2018,Munich,250,BMW Open
atp,2018,New York,250,New York Open
atp,2018,Newport,250,Hall of Fame Championships
atp,2018,Paris Masters,1000,BNP Paribas Masters
atp,2018,Pune,250,Tata Open
atp,2018,Queen's Club,500,AEGON Championships
atp,2018,Quito,250,Ecuador Open
atp,2018,Rio de Janeiro,500,Rio Open
atp,2018,Rome Masters,1000,Internazionali BNL d'Italia
atp,2018,Rotterdam,500,ABN AMRO World Tennis Tournament
atp,2018,Sao Paulo,250,Brasil Open
atp,2018,Shanghai Masters,1000,Shanghai Masters
atp,2018,Shenzhen,250,Shenzhen Open
atp,2018,Sofia,250,Garanti Koza Sofia Open
atp,2018,St. Petersburg,250,St. Petersburg Open
atp,2018,Stockholm,250,Stockholm Open
atp,2018,Stuttgart,250,Mercedes Cup
atp,2018,Sydney,250,Sydney International
atp,2018,Tokyo,500,Rakuten Japan Open Tennis Championships
atp,2018,Umag,250,Croatia Open
atp,2018,Vienna,500,Erste Bank Open
atp,2018,Washington,500,Citi Open
atp,2018,Winston-Salem,250,Winston-Salem Open at Wake Forest University
atp,2018,s Hertogenbosch,250,Ricoh Open
atp,2019,Acapulco,500,Abierto Mexicano
atp,2019,Antalya,250,Antalya Open
atp,2019,Antwerp,250,European Open
atp,2019,Atlanta,250,BB&T Atlanta Open
atp,2019,Auckland,250,ASB Classic
atp,2019,Barcelona,500,Open Banco Sabadell 
atp,2019,Basel,500,Swiss Indoors
atp,2019,Bastad,250,SkiStar Swedish Open
atp,2019,Beijing,500,China Open
atp,2019,Brisbane,250,Brisbane International
atp,2019,Budapest,250,Hungarian Open
atp,2019,Buenos Aires,250,Argentina Open
atp,2019,Canada Masters,1000,Rogers Masters
atp,2019,Chengdu,250,Chengdu Open
atp,2019,Cincinnati Masters,1000,Western & Southern Financial Group Masters
atp,2019,Cordoba,250,Cordoba Open
atp,2019,Delray Beach,250,Delray Beach Open
atp,2019,Doha,250,Qatar Exxon Mobil Open
atp,2019,Dubai,500,Dubai Tennis Championships
atp,2019,Eastbourne,250,Eastbourne International
atp,2019,Estoril,250,Millennium Estoril Open
atp,2019,Geneva,250,Geneva Open
atp,2019,Gstaad,250,Suisse Open Gstaad
atp,2019,Halle,500,Halle Open
atp,2019,Hamburg,500,German Tennis Championships
atp,2019,Houston,250,U.S. Men's Clay Court Championships
atp,2019,Indian Wells Masters,1000,BNP Paribas Open
atp,2019,Kitzbuhel,250,Generali Open
atp,2019,Los Cabos,250,Abierto Mexicano Mifel
atp,2019,Lyon,250,Lyon Open
atp,2019,Madrid Masters,1000,Mutua Madrid Open
atp,2019,Marrakech,250,Grand Prix Hassan II
atp,2019,Marseille,250,Open 13
atp,2019,Metz,250,Open de Moselle
atp,2019,Miami Masters,1000,Sony Ericsson Open
atp,2019,Monte Carlo Masters,1000,Monte Carlo Masters
atp,2019,Montpellier,250,Open Sud de France
atp,2019,Moscow,250,Kremlin Cup
atp,2019,Munich,250,BMW Open
atp,2019,New York,250,New York Open
atp,2019,Newport,250,Hall of Fame Championships
atp,2019,Paris Masters,1000,BNP Paribas Masters
atp,2019,Pune,250,Maharashtra Open
atp,2019,Queen's Club,500,Queen's Club Championships
atp,2019,Rio de Janeiro,500,Rio Open
atp,2019,Rome Masters,1000,Internazionali BNL d'Italia
atp,2019,Rotterdam,500,ABN AMRO World Tennis Tournament
atp,2019,Sao Paulo,250,Brasil Open
atp,2019,Shanghai Masters,1000,Shanghai Masters
atp,2019,Sofia,250,Sofia Open
atp,2019,St. Petersburg,250,St. Petersburg Open
atp,2019,Stockholm,250,Stockholm Open
atp,2019,Stuttgart,250,Mercedes Cup
atp,2019,Sydney,250,Sydney International
atp,2019,Tokyo,500,Rakuten Japan Open Tennis Championships
atp,2019,Umag,250,Croatia Open
atp,2019,Vienna,500,Erste Bank Open
atp,2019,Washington,500,Citi Open
atp,2019,Winston-Salem,250,Winston-Salem Open at Wake Forest University
atp,2019,Zhuhai,250,Zhuhai Open
atp,2019,s Hertogenbosch,250,Rosmalen Grass Court Championships
atp,2020,Acapulco,500,Abierto Mexicano
atp,2020,Adelaide,250,ASB Classic
atp,2020,Antwerp,250,European Open
atp,2020,Auckland,250,Adelaide International
atp,2020,Buenos Aires,250,Argentina Open
atp,2020,Cincinnati Masters,1000,Western & Southern Financial Group Masters
atp,2020,Cologne 1,250,bett1HULKS Indoors
atp,2020,Cologne 2,250,bett1HULKS Championship
atp,2020,Cordoba,250,Cordoba Open
atp,2020,Delray Beach,250,Delray Beach Open
atp,2020,Doha,250,Qatar Exxon Mobil Open
atp,2020,Dubai,500,Dubai Tennis Championships
atp,2020,Hamburg,500,German Tennis Championships
atp,2020,Kitzbuhel,250,Generali Open
atp,2020,Marseille,250,Open 13
atp,2020,Montpellier,250,Open Sud de France
atp,2020,New York,250,New York Open
atp,2020,Nur-Sultan,250,Astana Open
atp,2020,Paris Masters,1000,BNP Paribas Masters
atp,2020,Pune,250,Maharashtra Open
atp,2020,Rio de Janeiro,500,Rio Open
atp,2020,Rome Masters,1000,Internazionali BNL d'Italia
atp,2020,Rotterdam,500,ABN AMRO World Tennis Tournament
atp,2020,Santiago,250,Chile Open
atp,2020,Sardinia,250,Forte Village Sardegna Open
atp,2020,Sofia,250,Sofia Open
atp,2020,St. Petersburg,250,St. Petersburg Open
atp,2020,Vienna,500,Erste Bank Open
atp,2021,Acapulco,500,Abierto Mexicano
atp,2021,Antalya,250,Antalya Open
atp,2021,Atlanta,250,BB&T Atlanta Open
atp,2021,Barcelona,500,Barcelona Open
atp,2021,Bastad,250,Nordea Open
atp,2021,Belgrade,250,Serbia Open
atp,2021,Belgrade 2,250,Belgrade Open
atp,2021,Buenos Aires,250,Argentina Open
atp,2021,Canada Masters,1000,Canadian Open
atp,2021,Cincinnati Masters,1000,Western & Southern Financial Group Masters
atp,2021,Cordoba,250,Cordoba Open
atp,2021,Delray Beach,250,Delray Beach Open
atp,2021,Doha,250,Qatar Exxon Mobil Open
atp,2021,Dubai,500,Dubai Tennis Championships
atp,2021,Eastbourne,250,Viking International
atp,2021,Estoril,250,Millennium Estoril Open
atp,2021,Geneva,250,Geneva Open
atp,2021,Great Ocean Road Open,250,Great Ocean Road Open
atp,2021,Gstaad,250,Suisse Open Gstaad
atp,2021,Halle,500,Halle Open
atp,2021,Hamburg,250,European Open
atp,2021,Indian Wells Masters,1000,BNP Paribas Open
atp,2021,Kitzbuhel,250,Generali Open
atp,2021,Los Cabos,250,Mifel Open
atp,2021,Lyon,250,Lyon Open
atp,2021,Madrid Masters,1000,Mutua Madrid Open
atp,2021,Mallorca,250,Mallorca Championships
atp,2021,Marseille,250,Open 13
atp,2021,Metz,250,Open de Moselle
atp,2021,Miami Masters,1000,Miami Open
atp,2021,Monte Carlo Masters,1000,Monte Carlo Masters
atp,2021,Montpellier,250,Open Sud de France
atp,2021,Moscow,250,Kremlin Cup
atp,2021,Munich,250,BMW Open
atp,2021,Murray River Open,250,Murray River Open
atp,2021,Newport,250,Hall of Fame Championships
atp,2021,Nur-Sultan,250,Astana Open
atp,2021,Paris Masters,1000,BNP Paribas Masters
atp,2021,Parma,250,Emilia-Romagna Open
atp,2021,Queen's Club,500,Queen's Club Championships
atp,2021,Rome Masters,1000,Internazionali BNL d'Italia
atp,2021,Rotterdam,500,ABN AMRO World Tennis Tournament
atp,2021,San Diego,250,San Diego Open
atp,2021,Santiago,250,Chile Open
atp,2021,Singapore,250,Singapore Open
atp,2021,Sofia,250,Sofia Open
atp,2021,St. Petersburg,250,St. Petersburg Open
atp,2021,Stockholm,250,Stockholm Open
atp,2021,Stuttgart,250,Mercedes Cup
atp,2021,Umag,250,Croatia Open
atp,2021,Vienna,500,Vienna Open
atp,2021,Washington,500,Citi Open
atp,2021,Winston-Salem,250,Winston-Salem Open at Wake Forest University
atp,2022,Acapulco,500,Abierto Mexicano
atp,2022,Adelaide 1,250,Adelaide International 1
atp,2022,Adelaide 2,250,Adelaide International 2
atp,2022,Astana,500,Astana Open
atp,2022,Atlanta,250,Atlanta Open
atp,2022,Barcelona,500,Barcelona Open
atp,2022,Basel,500,Swiss Indoors
atp,2022,Bastad,250,Nordea Open
atp,2022,Belgrade ,250,Serbia Open
atp,2022,Buenos Aires,250,Argentina Open
atp,2022,Canada Masters,1000,Canadian Open
atp,2022,Cincinnati Masters,1000,Western & Southern Financial Group Masters
atp,2022,Cordoba,250,Cordoba Open
atp,2022,Dallas,250,Dallas Open
atp,2022,Delray Beach,250,Delray Beach Open
atp,2022,Doha,250,Qatar Exxon Mobil Open
atp,2022,Dubai,500,Dubai Tennis Championships
atp,2022,Eastbourne,250,Eastbourne International
atp,2022,Estoril,250,Millennium Estoril Open
atp,2022,Florence,250,Firenze Open
atp,2022,Geneva,250,Geneva Open
atp,2022,Gijon,250,Gijon Open
atp,2022,Gstaad,250,Suisse Open Gstaad
atp,2022,Halle,500,Halle Open
atp,2022,Hamburg,250,European Open
atp,2022,Houston,250,U.S. Men's Clay Court Championships
atp,2022,Indian Wells Masters,1000,BNP Paribas Open
atp,2022,Kitzbuhel,250,Generali Open
atp,2022,Los Cabos,250,Los Cabos Open
atp,2022,Lyon,250,Lyon Open
atp,2022,Madrid Masters,1000,Mutua Madrid Open
atp,2022,Mallorca,250,Mallorca Championships
atp,2022,Marrakech,250,Grand Prix Hassan II
atp,2022,Marseille,250,Open 13
atp,2022,Melbourne,250,Melbourne Summer Set
atp,2022,Metz,250,Open de Moselle
atp,2022,Miami Masters,1000,Miami Open
atp,2022,Monte Carlo Masters,1000,Monte Carlo Masters
atp,2022,Montpellier,250,Open Sud de France
atp,2022,Munich,250,BMW Open
atp,2022,Naples,250,Napoli Cup
atp,2022,Newport,250,Hall of Fame Championships
atp,2022,Paris Masters,1000,BNP Paribas Masters
atp,2022,Pune,250,Maharashtra Open
atp,2022,Queen's Club,500,Queen's Club Championships
atp,2022,Rio de Janeiro,500,Rio Open
atp,2022,Rome Masters,1000,Internazionali BNL d'Italia
atp,2022,Rotterdam,500,ABN AMRO World Tennis Tournament
atp,2022,San Diego,250,San Diego Open
atp,2022,Santiago,250,Chile Open
atp,2022,Seoul,250,Korea Open
atp,2022,Sofia,250,Sofia Open
atp,2022,Stockholm,250,Stockholm Open
atp,2022,Stuttgart,250,Mercedes Cup
atp,2022,Sydney,250,Sydney Tennis Classic
atp,2022,Tel Aviv,250,Tel Aviv Open
atp,2022,Tokyo,500,Rakuten Japan Open Tennis Championships
atp,2022,Umag,250,Croatia Open
atp,2022,Vienna,500,Vienna Open
atp,2022,Washington,500,Citi Open
atp,2022,Winston-Salem,250,Winston-Salem Open at Wake Forest University
atp,2022,s Hertogenbosch,250,Rosmalen Grass Court Championships
atp,2023,Acapulco,500,Abierto Mexicano
atp,2023,Adelaide 1,250,Adelaide International 1
atp,2023,Adelaide 2,250,Adelaide International 2
atp,2023,Astana,250,Astana Open
atp,2023,Atlanta,250,Atlanta Open
atp,2023,Auckland,250,ASB Classic
atp,2023,Banja Luka,250,Srpska Open
atp,2023,Barcelona,500,Barcelona Open
atp,2023,Basel,500,Swiss Indoors
atp,2023,Bastad,250,Nordea Open
atp,2023,Beijing,500,China Open
atp,2023,Buenos Aires,250,Argentina Open
atp,2023,Canada Masters,1000,Canadian Open
atp,2023,Chengdu,250,Chengdu Open
atp,2023,Cincinnati Masters,1000,Western & Southern Financial Group Masters
atp,2023,Cordoba,250,Cordoba Open
atp,2023,Dallas,250,Dallas Open
atp,2023,Delray Beach,250,Delray Beach Open
atp,2023,Doha,250,Qatar Exxon Mobil Open
atp,2023,Dubai,500,Dubai Tennis Championships
atp,2023,Eastbourne,250,Eastbourne International
atp,2023,Estoril,250,Estoril Open
atp,2023,Geneva,250,Geneva Open
atp,2023,Gstaad,250,Suisse Open Gstaad
atp,2023,Halle,500,Halle Open
atp,2023,Hamburg,250,European Open
atp,2023,Houston,250,U.S. Men's Clay Court Championships
atp,2023,Indian Wells Masters,1000,BNP Paribas Open
atp,2023,Kitzbuhel,250,Generali Open
atp,2023,Los Cabos,250,Los Cabos Open
atp,2023,Lyon,250,Lyon Open
atp,2023,Madrid Masters,1000,Mutua Madrid Open
atp,2023,Mallorca,250,Mallorca Championships
atp,2023,Marrakech,250,Grand Prix Hassan II
atp,2023,Marseille,250,Open 13
atp,2023,Metz,250,Open de Moselle
atp,2023,Miami Masters,1000,Miami Open
atp,2023,Monte Carlo Masters,1000,Monte Carlo Masters
atp,2023,Montpellier,250,Open Sud de France
atp,2023,Munich,250,BMW Open
atp,2023,Newport,250,Hall of Fame Championships
atp,2023,Paris Masters,1000,BNP Paribas Masters
atp,2023,Pune,250,Maharashtra Open
atp,2023,Queen's Club,500,Queen's Club Championships
atp,2023,Rio de Janeiro,500,Rio Open
atp,2023,Rome Masters,1000,Internazionali BNL d'Italia
atp,2023,Rotterdam,500,ABN AMRO World Tennis Tournament
atp,2023,Santiago,250,Chile Open
atp,2023,Shanghai Masters,1000,Shanghai Masters
atp,2023,Sofia,250,Sofia Open
atp,2023,Stockholm,250,Nordic Open
atp,2023,Stuttgart,250,Stuttgart Open
atp,2023,Tokyo,500,Japan Open Tennis Championships
atp,2023,Umag,250,Croatia Open
atp,2023,Vienna,500,Vienna Open
atp,2023,Washington,500,Citi Open
atp,2023,Winston-Salem,250,Winston-Salem Open at Wake Forest University
atp,2023,Zhuhai,250,Zhuhai Championships
atp,2023,s Hertogenbosch,250,Rosmalen Grass Court Championships
atp,2024,Acapulco,500,Abierto Mexicano
atp,2024,Adelaide,250,Adelaide International
atp,2024,Almaty,250,Almaty Open
atp,2024,Atlanta,250,Atlanta Open
atp,2024,Auckland,250,ASB Classic
atp,2024,Barcelona,500,Barcelona Open
atp,2024,Basel,500,Swiss Indoors
atp,2024,Bastad,250,Nordea Open
atp,2024,Beijing,500,China Open
atp,2024,Belgrade,250,Belgrade Open
atp,2024,Brisbane,250,Brisbane International
atp,2024,Bucharest,250,Tiriac Open
atp,2024,Buenos Aires,250,Argentina Open
atp,2024,Canada Masters,1000,Canadian Open
atp,2024,Chengdu,250,Chengdu Open
atp,2024,Cincinnati Masters,1000,Western & Southern Financial Group Masters
atp,2024,Cordoba,250,Cordoba Open
atp,2024,Dallas,250,Dallas Open
atp,2024,Delray Beach,250,Delray Beach Open
atp,2024,Doha,250,Qatar Exxon Mobil Open
atp,2024,Dubai,500,Dubai Tennis Championships
atp,2024,Eastbourne,250,Eastbourne International
atp,2024,Estoril,250,Estoril Open
atp,2024,Geneva,250,Geneva Open
atp,2024,Gstaad,250,Suisse Open Gstaad
atp,2024,Halle,500,Halle Open
atp,2024,Hamburg,250,European Open
atp,2024,Hangzhou,250,Hangzhou Open
atp,2024,Hong Kong,250,Hong Kong Tennis Open
atp,2024,Houston,250,U.S. Men's Clay Court Championships
atp,2024,Indian Wells Masters,1000,BNP Paribas Open
atp,2024,Kitzbuhel,250,Generali Open
atp,2024,Los Cabos,250,Los Cabos Open
atp,2024,Lyon,250,Lyon Open
atp,2024,Madrid Masters,1000,Mutua Madrid Open
atp,2024,Mallorca,250,Mallorca Championships
atp,2024,Marrakech,250,Grand Prix Hassan II
atp,2024,Marseille,250,Open 13
atp,2024,Metz,250,Open de Moselle
atp,2024,Miami Masters,1000,Miami Open
atp,2024,Monte Carlo Masters,1000,Monte Carlo Masters
atp,2024,Montpellier,250,Open Sud de France
atp,2024,Munich,250,BMW Open
atp,2024,Newport,250,Hall of Fame Championships
atp,2024,Paris Masters,1000,BNP Paribas Masters
atp,2024,Queen's Club,500,Queen's Club Championships
atp,2024,Rio de Janeiro,500,Rio Open
atp,2024,Rome Masters,1000,Internazionali BNL d'Italia
atp,2024,Rotterdam,500,ABN AMRO World Tennis Tournament
atp,2024,Santiago,250,Chile Open
atp,2024,Shanghai Masters,1000,Shanghai Masters
atp,2024,Stockholm,250,Nordic Open
atp,2024,Stuttgart,250,Stuttgart Open
atp,2024,Tokyo,500,Japan Open Tennis Championships
atp,2024,Umag,250,Croatia Open
atp,2024,Vienna,500,Vienna Open
atp,2024,Washington,500,Citi Open
atp,2024,Winston-Salem,250,Winston-Salem Open at Wake Forest University
atp,2024,s Hertogenbosch,250,Rosmalen Grass Court Championships
atp,2025,Acapulco,500,Abierto Mexicano
atp,2025,Adelaide,250,Adelaide International
atp,2025,Almaty,250,Almaty Open
atp,2025,Athens,250,Hellenic Championship
atp,2025,Auckland,250,ASB Classic
atp,2025,Barcelona,500,Barcelona Open
atp,2025,Basel,500,Swiss Indoors
atp,2025,Bastad,250,Nordea Open
atp,2025,Beijing,500,China Open
atp,2025,Brisbane,250,Brisbane International
atp,2025,Brussels,250,European Open
atp,2025,Bucharest,250,Tiriac Open
atp,2025,Buenos Aires,250,Argentina Open
atp,2025,Canada Masters,1000,Canadian Open
atp,2025,Chengdu,250,Chengdu Open
atp,2025,Cincinnati Masters,1000,Western & Southern Financial Group Masters
atp,2025,Dallas,500,Dallas Open
atp,2025,Delray Beach,250,Delray Beach Open
atp,2025,Doha,500,Qatar Exxon Mobil Open
atp,2025,Dubai,500,Dubai Tennis Championships
atp,2025,Eastbourne,250,Eastbourne International
atp,2025,Geneva,250,Geneva Open
atp,2025,Gstaad,250,Suisse Open Gstaad
atp,2025,Halle,500,Halle Open
atp,2025,Hamburg,500,Hamburg Open
atp,2025,Hangzhou,250,Hangzhou Open
atp,2025,Hong Kong,250,Hong Kong Tennis Open
atp,2025,Houston,250,U.S.Men's Clay Court Championships
atp,2025,Indian Wells Masters,1000,BNP Paribas Open
atp,2025,Kitzbuhel,250,Generali Open
atp,2025,Los Cabos,250,Los Cabos Open
atp,2025,Madrid Masters,1000,Mutua Madrid Open
atp,2025,Mallorca,250,Mallorca Championships
atp,2025,Marrakech,250,Grand Prix Hassan II
atp,2025,Marseille,250,Open 13
atp,2025,Metz,250,Open de Moselle
atp,2025,Miami Masters,1000,Miami Open
atp,2025,Monte Carlo Masters,1000,Monte Carlo Masters
atp,2025,Montpellier,250,Open Sud de France
atp,2025,Munich,500,BMW Open
atp,2025,Paris Masters,1000,BNP Paribas Masters
atp,2025,Queen's Club,500,Queen's Club Championships
atp,2025,Rio de Janeiro,500,Rio Open
atp,2025,Rome Masters,1000,Internazionali BNL d'Italia
atp,2025,Rotterdam,500,ABN AMRO World Tennis Tournament
atp,2025,Santiago,250,Chile Open
atp,2025,Shanghai Masters,1000,Shanghai Masters
atp,2025,Stockholm,250,Nordic Open
atp,2025,Stuttgart,250,Stuttgart Open
atp,2025,Tokyo,500,Japan Open Tennis Championships
atp,2025,Umag,250,Croatia Open
atp,2025,Vienna,500,Vienna Open
atp,2025,Washington,500,Citi Open
atp,2025,Winston-Salem,250,Winston-Salem Open at Wake Forest University
atp,2025,s Hertogenbosch,250,Rosmalen Grass Court Championships
atp,2026,Acapulco,500,Abierto Mexicano
atp,2026,Adelaide,250,Adelaide International
atp,2026,Auckland,250,ASB Classic
atp,2026,Barcelona,500,Barcelona Open
atp,2026,Bastad,250,Nordea Open
atp,2026,Beijing,500,China Open
atp,2026,Brisbane,250,Brisbane International
atp,2026,Bucharest,250,Tiriac Open
atp,2026,Buenos Aires,250,Argentina Open
atp,2026,Canada Masters,1000,Canadian Open
atp,2026,Chengdu,250,Chengdu Open
atp,2026,Cincinnati Masters,1000,Western & Southern Financial Group Masters
atp,2026,Dallas,500,Dallas Open
atp,2026,Delray Beach,250,Delray Beach Open
atp,2026,Doha,500,Qatar Exxon Mobil Open
atp,2026,Dubai,500,Dubai Tennis Championships
atp,2026,Eastbourne,250,Eastbourne International
atp,2026,Estoril,250,Estoril Open
atp,2026,Geneva,250,Geneva Open
atp,2026,Gstaad,250,Suisse Open Gstaad
atp,2026,Halle,500,Halle Open
atp,2026,Hamburg,500,Hamburg Open
atp,2026,Hangzhou,250,Hangzhou Open
atp,2026,Hong Kong,250,Hong Kong Tennis Open
atp,2026,Houston,250,U.S.Men's Clay Court Championships
atp,2026,Indian Wells Masters,1000,BNP Paribas Open
atp,2026,Kitzbuhel,250,Generali Open
atp,2026,Los Cabos,250,Los Cabos Open
atp,2026,Madrid Masters,1000,Mutua Madrid Open
atp,2026,Mallorca,250,Mallorca Championships
atp,2026,Marrakech,250,Grand Prix Hassan II
atp,2026,Miami Masters,1000,Miami Open
atp,2026,Monte Carlo Masters,1000,Monte Carlo Masters
atp,2026,Montpellier,250,Open Sud de France
atp,2026,Munich,500,BMW Open
atp,2026,Queen's Club,500,Queen's Club Championships
atp,2026,Rio de Janeiro,500,Rio Open
atp,2026,Rome Masters,1000,Internazionali BNL d'Italia
atp,2026,Rotterdam,500,ABN AMRO World Tennis Tournament
atp,2026,Santiago,250,Chile Open
atp,2026,Stuttgart,250,Stuttgart Open
atp,2026,Tokyo,500,Japan Open Tennis Championships
atp,2026,Umag,250,Croatia Open
atp,2026,Washington,500,Citi Open
atp,2026,Winston-Salem,250,Winston-Salem Open at Wake Forest University
atp,2026,s Hertogenbosch,250,Rosmalen Grass Court Championships
wta,2021,Abu Dhabi,500,Abu Dhabi WTA Women's Tennis Open
wta,2021,Adelaide,500,Adelaide International
wta,2021,Bad Homburg,250,Bad Homburg Open
wta,2021,Belgrade,250,Serbia Ladies Open
wta,2021,Berlin,500,Bett1Open
wta,2021,Birmingham,250,Viking Classic 
wta,2021,Bogota,250,Copa Colsanitas
wta,2021,Budapest,250,Budapest Open
wta,2021,Charleston 1,500,Volvo Car Open
wta,2021,Charleston 2,250,MUSC Health Women's Open
wta,2021,Chicago 1,250,Chicago Women's Opeen
wta,2021,Chicago 2,500,Chicago Fall Tennis Classic
wta,2021,Cincinnati,1000,Western & Southern Financial Group Women's Open
wta,2021,Cleveland,250,Tennis in the Land
wta,2021,Cluj-Napoca 2,250,Transylvania Open
wta,2021,Courmayeur,250,Courmayeur Ladies Open
wta,2021,Doha,500,Qatar Total Open
wta,2021,Dubai,500,Dubai Duty Free Tennis Championships
wta,2021,Eastbourne,500,Viking International
wta,2021,Gdynia,250,Poland Open
wta,2021,Gippsland Trophy,500,Gippsland Trophy
wta,2021,Guadalajara,250,Abierto Zapopan
wta,2021,Hamburg,250,European Open
wta,2021,Indian Wells,1000,BNP Paribas Open
wta,2021,Istanbul,250,Istanbul Cup
wta,2021,Lausanne,250,Ladies Open Lausanne
wta,2021,Linz,250,Generali Ladies Linz Open
wta,2021,Luxembourg,250,Luxembourg Open
wta,2021,Lyon,250,Lyon Open
wta,2021,Madrid,1000,Mutua Madrid Open
wta,2021,Miami,1000,Miami Open
wta,2021,Monterrey,250,Monterrey Open
wta,2021,Montreal,1000,Canadian Open
wta,2021,Moscow,500,Kremlin Cup
wta,2021,Nottingham,250,Nottingham Open
wta,2021,Nur-Sultan,250,Astana Open
wta,2021,Ostrava,250,Ostrava Open
wta,2021,Palermo,250,Internazionali Femminili di Palermo
wta,2021,Parma,250,Emilia-Romagna Open
wta,2021,Phillip Island Trophy,250,Phillip Island Trophy
wta,2021,Portoroz,250,Slovenia Open
wta,2021,Prague,250,Prague Open
wta,2021,Rome,1000,Internazionali BNL d'Italia
wta,2021,San Jose,500,Mubadala Silicon Valley Classic
wta,2021,St. Petersburg,500,Ladies Trophy
wta,2021,Strasbourg,250,Internationaux de Strasbourg
wta,2021,Stuttgart,500,Porsche Tennis Grand Prix
wta,2021,Tenerife,250,Tenerife Ladies Open
wta,2021,Yarra Valley Classic,500,Yarra Valley Classic
wta,2022,Adelaide 1,500,Adelaide International 1
wta,2022,Bad Homburg,250,Bad Homburg Open
wta,2022,Berlin,500,Bett1Open
wta,2022,Birmingham,250,Rothesay Classic 
wta,2022,Bogota,250,Copa Colsanitas
wta,2022,Budapest,250,Budapest Open
wta,2022,Charleston,500,Charleston Open
wta,2022,Chennai,250,Chennai Open
wta,2022,Cincinnati,1000,Western & Southern Financial Group Women's Open
wta,2022,Cleveland,250,Tennis in the Land
wta,2022,Cluj Napoca,250,Transylvania Open
wta,2022,Doha,1000,Qatar Open
wta,2022,Dubai,500,Dubai Duty Free Tennis Championships
wta,2022,Eastbourne,500,Eastbourne International
wta,2022,Granby,250,Championnats de Granby
wta,2022,Guadalajara,250,Abierto Zapopan
wta,2022,Guadalajara 2,1000,Guadalajara Open
wta,2022,Hamburg,250,European Open
wta,2022,Indian Wells,1000,BNP Paribas Open
wta,2022,Istanbul,250,Istanbul Cup
wta,2022,Lausanne,250,Ladies Open Lausanne
wta,2022,Lyon,250,Lyon Open
wta,2022,Madrid,1000,Mutua Madrid Open
wta,2022,Melbourne 1,250,Melbourne Summer Set 1
wta,2022,Melbourne 2,250,Melbourne Summer Set 2
wta,2022,Miami,1000,Miami Open
wta,2022,Monastir,250,Jasmin Open
wta,2022,Monterrey,250,Monterrey Open
wta,2022,Nottingham,250,Nottingham Open
wta,2022,Ostrava,500,Ostrava Open
wta,2022,Palermo,250,Internazionali Femminili di Palermo
wta,2022,Parma,250,Parma Ladies Open
wta,2022,Portoroz,250,Slovenia Open
wta,2022,Prague,250,Prague Open
wta,2022,Rabat,250,Grand Prix SAR Lalla Meryem
wta,2022,Rome,1000,Internazionali BNL d'Italia
wta,2022,San Diego,250,San Diego Open
wta,2022,San Jose,500,Mubadala Silicon Valley Classic
wta,2022,Seoul,250,Korea Open
wta,2022,St. Petersburg,500,Ladies Trophy
wta,2022,Strasbourg,250,Internationaux de Strasbourg
wta,2022,Stuttgart,500,Porsche Tennis Grand Prix
wta,2022,Sydney,500,Sydney Tennis Classic
wta,2022,Tallinn,250,Tallinn Open
wta,2022,Tokyo,500,Toray Pan Pacific Open Tennis Tournament
wta,2022,Toronto,1000,Canadian Open
wta,2022,Warsaw,250,Poland Open
wta,2022,Washington,250,Citi Open
wta,2022,s Hertogenbosch,250,Rosmalen Grass Court Championships
wta,2023,Abu Dhabi,500,Abu Dhabi WTA Women's Tennis Open
wta,2023,Adelaide 1,500,Adelaide International 1
wta,2023,Adelaide 2,500,Adelaide International 2
wta,2023,Auckland,250,ASB Classic
wta,2023,Austin,250,ATX Open
wta,2023,Bad Homburg,250,Bad Homburg Open
wta,2023,Berlin,500,German Open
wta,2023,Birmingham,250,Rothesay Classic 
wta,2023,Bogota,250,Copa Colsanitas
wta,2023,Budapest,250,Budapest Open
wta,2023,Charleston,500,Charleston Open
wta,2023,Cincinnati,1000,Western & Southern Financial Group Women's Open
wta,2023,Cleveland,250,Tennis in the Land
wta,2023,Cluj Napoca,250,Transylvania Open
wta,2023,Doha,500,Qatar Open
wta,2023,Dubai,1000,Dubai Duty Free Tennis Championships
wta,2023,Eastbourne,500,Eastbourne International
wta,2023,Guadalajara,1000,Guadalajara Open
wta,2023,Guangzhou,250,Guangzhou Open
wta,2023,Hamburg,250,European Open
wta,2023,Hobart,250,Hobart International
wta,2023,Hong Kong,250,Hong Kong Tennis Open
wta,2023,Hua Hin,250,Thailand Open
wta,2023,Indian Wells,1000,BNP Paribas Open
wta,2023,Lausanne,250,Ladies Open Lausanne
wta,2023,Linz,250,Ladies Linz Open
wta,2023,Lyon,250,Lyon Open
wta,2023,Madrid,1000,Mutua Madrid Open
wta,2023,Merida,250,Merida Open
wta,2023,Miami,1000,Miami Open
wta,2023,Monastir,250,Jasmin Open
wta,2023,Monterrey,250,Monterrey Open
wta,2023,Montreal,1000,Canadian Open
wta,2023,Nanchang,250,Jiangxi Tennis Open
wta,2023,Ningbo,250,Ningbo Open
wta,2023,Nottingham,250,Nottingham Open
wta,2023,Osaka,250,Japan Open
wta,2023,Palermo,250,Internazionali Femminili di Palermo
wta,2023,Prague,250,Prague Open
wta,2023,Rabat,250,Morocco Open
wta,2023,Rome,1000,Internazionali BNL d'Italia
wta,2023,San Diego,500,San Diego Open
wta,2023,Seoul,250,Korea Open
wta,2023,Strasbourg,250,Internationaux de Strasbourg
wta,2023,Stuttgart,500,Porsche Tennis Grand Prix
wta,2023,Tokyo,500,Toray Pan Pacific Open Tennis Tournament
wta,2023,Warsaw,250,Poland Open
wta,2023,Washington,500,Citi Open
wta,2023,Zhengzhou,500,Zhengzhou Open
wta,2023,s Hertogenbosch,250,Rosmalen Grass Court Championships
wta,2024,Abu Dhabi,500,Abu Dhabi WTA Women's Tennis Open
wta,2024,Adelaide,500,Adelaide International
wta,2024,Auckland,250,ASB Classic
wta,2024,Austin,250,ATX Open
wta,2024,Bad Homburg,250,Bad Homburg Open
wta,2024,Beijing,1000,China Open
wta,2024,Berlin,500,German Open
wta,2024,Birmingham,250,Rothesay Classic 
wta,2024,Bogota,250,Copa Colsanitas
wta,2024,Brisbane,500,Brisbane International
wta,2024,Budapest,250,Budapest Open
wta,2024,Charleston,500,Charleston Open
wta,2024,Cincinnati,1000,Western & Southern Financial Group Women's Open
wta,2024,Cleveland,250,Tennis in the Land
wta,2024,Cluj-Napoca,250,Transylvania Open
wta,2024,Doha,1000,Qatar Open
wta,2024,Dubai,1000,Dubai Duty Free Tennis Championships
wta,2024,Eastbourne,500,Rothesay International
wta,2024,Guadalajara,500,Guadalajara Open
wta,2024,Guangzhou,250,Guangzhou Open
wta,2024,Hobart,250,Hobart International
wta,2024,Hong Kong,250,Hong Kong Tennis Open
wta,2024,Hua Hin,250,Thailand Open
wta,2024,Hua Hin 2,250,Thailand Open 2
wta,2024,Iasi,250,Iasi Open
wta,2024,Indian Wells,1000,BNP Paribas Open
wta,2024,Jiujiang,250,Jiangxi Open
wta,2024,Linz,500,Ladies Linz Open
wta,2024,Madrid,1000,Mutua Madrid Open
wta,2024,Merida,250,Merida Open
wta,2024,Miami,1000,Miami Open
wta,2024,Monastir,250,Jasmin Open
wta,2024,Monterrey,500,Monterrey Open
wta,2024,Ningbo,500,Ningbo Open
wta,2024,Nottingham,250,Nottingham Open
wta,2024,Osaka,250,Japan Open
wta,2024,Palermo,250,Internazionali Femminili di Palermo
wta,2024,Prague,250,Prague Open
wta,2024,Rabat,250,Morocco Open
wta,2024,Rome,1000,Internazionali BNL d'Italia
wta,2024,Rouen,250,Open de Rouen
wta,2024,San Diego,500,San Diego Open
wta,2024,Seoul,500,Korea Open
wta,2024,Strasbourg,500,Internationaux de Strasbourg
wta,2024,Stuttgart,500,Porsche Tennis Grand Prix
wta,2024,Tokyo,500,Toray Pan Pacific Open Tennis Tournament
wta,2024,Toronto,1000,Canadian Open
wta,2024,Washington,500,Citi Open
wta,2024,Wuhan,1000,Wuhan Open
wta,2024,s Hertogenbosch,250,Rosmalen Grass Court Championships
wta,2025,Abu Dhabi,500,Abu Dhabi WTA Women's Tennis Open
wta,2025,Adelaide,500,Adelaide International
wta,2025,Auckland,250,ASB Classic
wta,2025,Austin,250,ATX Open
wta,2025,Bad Homburg,250,Bad Homburg Open
wta,2025,Beijing,1000,China Open
wta,2025,Berlin,500,German Open
wta,2025,Bogota,250,Copa Colsanitas
wta,2025,Brisbane,500,Brisbane International
wta,2025,Charleston,500,Charleston Open
wta,2025,Chennai,250,Chennai Open
wta,2025,Cincinnati,1000,Western & Southern Financial Group Women's Open
wta,2025,Cleveland,250,Tennis in the Land
wta,2025,Cluj-Napoca,250,Transylvania Open
wta,2025,Doha,1000,Qatar Open
wta,2025,Dubai,1000,Dubai Duty Free Tennis Championships
wta,2025,Eastbourne,250,Eastbourne Open
wta,2025,Guadalajara,500,Guadalajara Open
wta,2025,Guangzhou,250,Guangzhou Open
wta,2025,Hamburg,250,Hamburg Open
wta,2025,Hobart,250,Hobart International
wta,2025,Hong Kong,250,Hong Kong Tennis Open
wta,2025,Iasi,250,Iasi Open
wta,2025,Indian Wells,1000,BNP Paribas Open
wta,2025,Jiujiang,250,Jiangxi Open
wta,2025,Linz,500,Ladies Linz Open
wta,2025,Madrid,1000,Mutua Madrid Open
wta,2025,Merida,500,Merida Open
wta,2025,Miami,1000,Miami Open
wta,2025,Monterrey,500,Monterrey Open
wta,2025,Montreal,1000,Canadian Open
wta,2025,Ningbo,500,Ningbo Open
wta,2025,Nottingham,250,Nottingham Open
wta,2025,Osaka,250,Japan Open
wta,2025,Prague,250,Prague Open
wta,2025,Queen's Club,500,Queen's Club Championships
wta,2025,Rabat,250,Morocco Open
wta,2025,Rome,1000,Internazionali BNL d'Italia
wta,2025,Rouen,250,Open de Rouen
wta,2025,Sao Paulo,250,SP Open
wta,2025,Seoul,500,Korea Open
wta,2025,Singapore,250,Singapore Open
wta,2025,Strasbourg,500,Internationaux de Strasbourg
wta,2025,Stuttgart,500,Porsche Tennis Grand Prix
wta,2025,Tokyo,500,Toray Pan Pacific Open Tennis Tournament
wta,2025,Washington,500,Citi Open
wta,2025,Wuhan,1000,Wuhan Open
wta,2025,s Hertogenbosch,250,Rosmalen Grass Court Championships
wta,2026,Abu Dhabi,500,Abu Dhabi WTA Women's Tennis Open
wta,2026,Adelaide,500,Adelaide International
wta,2026,Athens,250,Athens Open
wta,2026,Auckland,250,ASB Classic
wta,2026,Austin,250,ATX Open
wta,2026,Bad Homburg,250,Bad Homburg Open
wta,2026,Berlin,500,German Open
wta,2026,Bogota,250,Copa Colsanitas
wta,2026,Brisbane,500,Brisbane International
wta,2026,Charleston,500,Charleston Open
wta,2026,Cincinnati,1000,Western & Southern Financial Group Women's Open
wta,2026,Cluj-Napoca,250,Transylvania Open
wta,2026,Doha,1000,Qatar Open
wta,2026,Dubai,1000,Dubai Duty Free Tennis Championships
wta,2026,Eastbourne,250,Eastbourne Open
wta,2026,Guadalajara,500,Guadalajara Open
wta,2026,Hamburg,250,Hamburg European Open
wta,2026,Hobart,250,Hobart International
wta,2026,Iasi,250,Iasi Open
wta,2026,Indian Wells,1000,BNP Paribas Open
wta,2026,Linz,500,Ladies Linz Open
wta,2026,Madrid,1000,Mutua Madrid Open
wta,2026,Memphis,250,Memphis Classic
wta,2026,Merida,500,Merida Open
wta,2026,Miami,1000,Miami Open
wta,2026,Monterrey,500,Monterrey Open
wta,2026,Montreal,1000,Canadian Open
wta,2026,Nottingham,250,Nottingham Open
wta,2026,Ostrava,250,Ostrava Open
wta,2026,Prague,250,Prague Open
wta,2026,Queen's Club,500,Queen's Club Championships
wta,2026,Rabat,250,Morocco Open
wta,2026,Rome,1000,Internazionali BNL d'Italia
wta,2026,Rouen,250,Open de Rouen
wta,2026,Sao Paulo,250,SP Open
wta,2026,Seoul,250,Korea Open
wta,2026,Singapore,500,Singapore Open
wta,2026,Strasbourg,500,Internationaux de Strasbourg
wta,2026,Stuttgart,500,Porsche Tennis Grand Prix
wta,2026,Washington,500,Citi Open
wta,2026,s Hertogenbosch,250,Rosmalen Grass Court Championships
